Country,Gender,Demographics Question,Demographics Response,Survey Year,Value,SurveyYear_raw,Value_raw,SurveyYear
Afghanistan,F,Marital status,Never married,01/01/2015,,01/01/2015,,2015
Afghanistan,M,Marital status,Never married,01/01/2015,,01/01/2015,,2015
Afghanistan,F,Marital status,Never married,01/01/2015,,01/01/2015,,2015
Afghanistan,F,Marital status,Never married,01/01/2015,,01/01/2015,,2015
Afghanistan,F,Marital status,Never married,01/01/2015,,01/01/2015,,2015
Afghanistan,F,Marital status,Never married,01/01/2015,,01/01/2015,,2015
Afghanistan,F,Marital status,Never married,01/01/2015,,01/01/2015,,2015
Afghanistan,M,Marital status,Never married,01/01/2015,,01/01/2015,,2015
Afghanistan,M,Marital status,Never married,01/01/2015,,01/01/2015,,2015
Afghanistan,M,Marital status,Never married,01/01/2015,,01/01/2015,,2015
Afghanistan,M,Marital status,Never married,01/01/2015,,01/01/2015,,2015
Afghanistan,M,Marital status,Never married,01/01/2015,,01/01/2015,,2015
Armenia,F,Education,No education,01/01/2015,,01/01/2015,,2015
Armenia,M,Education,No education,01/01/2015,,01/01/2015,,2015
Armenia,F,Education,No education,01/01/2015,,01/01/2015,,2015
Armenia,F,Education,No education,01/01/2015,,01/01/2015,,2015
Armenia,F,Education,No education,01/01/2015,,01/01/2015,,2015
Armenia,F,Education,No education,01/01/2015,,01/01/2015,,2015
Armenia,F,Education,No education,01/01/2015,,01/01/2015,,2015
Armenia,M,Education,No education,01/01/2015,,01/01/2015,,2015
Armenia,M,Education,No education,01/01/2015,,01/01/2015,,2015
Armenia,M,Education,No education,01/01/2015,,01/01/2015,,2015
Armenia,M,Education,No education,01/01/2015,,01/01/2015,,2015
Armenia,M,Education,No education,01/01/2015,,01/01/2015,,2015
Azerbaijan,M,Education,No education,01/01/2006,,01/01/2006,,2006
Azerbaijan,M,Education,Primary,01/01/2006,,01/01/2006,,2006
Azerbaijan,M,Education,No education,01/01/2006,,01/01/2006,,2006
Azerbaijan,M,Education,Primary,01/01/2006,,01/01/2006,,2006
Azerbaijan,M,Education,No education,01/01/2006,,01/01/2006,,2006
Azerbaijan,M,Education,Primary,01/01/2006,,01/01/2006,,2006
Azerbaijan,M,Education,No education,01/01/2006,,01/01/2006,,2006
Azerbaijan,M,Education,Primary,01/01/2006,,01/01/2006,,2006
Azerbaijan,M,Education,No education,01/01/2006,,01/01/2006,,2006
Azerbaijan,M,Education,Primary,01/01/2006,,01/01/2006,,2006
Azerbaijan,M,Education,No education,01/01/2006,,01/01/2006,,2006
Azerbaijan,M,Education,Primary,01/01/2006,,01/01/2006,,2006
Bangladesh,F,Marital status,Never married,01/01/2014,,01/01/2014,,2014
Bangladesh,M,Age,15-24,01/01/2014,,01/01/2014,,2014
Bangladesh,M,Age,25-34,01/01/2014,,01/01/2014,,2014
Bangladesh,M,Age,35-49,01/01/2014,,01/01/2014,,2014
Bangladesh,M,Education,Higher,01/01/2014,,01/01/2014,,2014
Bangladesh,M,Education,No education,01/01/2014,,01/01/2014,,2014
Bangladesh,M,Education,Primary,01/01/2014,,01/01/2014,,2014
Bangladesh,M,Education,Secondary,01/01/2014,,01/01/2014,,2014
Bangladesh,M,Employment,Employed for cash,01/01/2014,,01/01/2014,,2014
Bangladesh,M,Employment,Employed for kind,01/01/2014,,01/01/2014,,2014
Bangladesh,M,Employment,Unemployed,01/01/2014,,01/01/2014,,2014
Bangladesh,M,Marital status,Married or living together,01/01/2014,,01/01/2014,,2014
Bangladesh,M,Marital status,Never married,01/01/2014,,01/01/2014,,2014
Bangladesh,M,Marital status,"Widowed, divorced, separated",01/01/2014,,01/01/2014,,2014
Bangladesh,M,Residence,Rural,01/01/2014,,01/01/2014,,2014
Bangladesh,M,Residence,Urban,01/01/2014,,01/01/2014,,2014
Bangladesh,F,Marital status,Never married,01/01/2014,,01/01/2014,,2014
Bangladesh,F,Marital status,Never married,01/01/2014,,01/01/2014,,2014
Bangladesh,F,Marital status,Never married,01/01/2014,,01/01/2014,,2014
Bangladesh,F,Marital status,Never married,01/01/2014,,01/01/2014,,2014
Bangladesh,F,Marital status,Never married,01/01/2014,,01/01/2014,,2014
Bangladesh,M,Age,15-24,01/01/2014,,01/01/2014,,2014
Bangladesh,M,Age,25-34,01/01/2014,,01/01/2014,,2014
Bangladesh,M,Age,35-49,01/01/2014,,01/01/2014,,2014
Bangladesh,M,Age,15-24,01/01/2014,,01/01/2014,,2014
Bangladesh,M,Age,25-34,01/01/2014,,01/01/2014,,2014
Bangladesh,M,Age,35-49,01/01/2014,,01/01/2014,,2014
Bangladesh,M,Age,15-24,01/01/2014,,01/01/2014,,2014
Bangladesh,M,Age,25-34,01/01/2014,,01/01/2014,,2014
Bangladesh,M,Age,35-49,01/01/2014,,01/01/2014,,2014
Bangladesh,M,Age,15-24,01/01/2014,,01/01/2014,,2014
Bangladesh,M,Age,25-34,01/01/2014,,01/01/2014,,2014
Bangladesh,M,Age,35-49,01/01/2014,,01/01/2014,,2014
Bangladesh,M,Age,15-24,01/01/2014,,01/01/2014,,2014
Bangladesh,M,Age,25-34,01/01/2014,,01/01/2014,,2014
Bangladesh,M,Age,35-49,01/01/2014,,01/01/2014,,2014
Bangladesh,M,Education,Higher,01/01/2014,,01/01/2014,,2014
Bangladesh,M,Education,No education,01/01/2014,,01/01/2014,,2014
Bangladesh,M,Education,Primary,01/01/2014,,01/01/2014,,2014
Bangladesh,M,Education,Secondary,01/01/2014,,01/01/2014,,2014
Bangladesh,M,Education,Higher,01/01/2014,,01/01/2014,,2014
Bangladesh,M,Education,No education,01/01/2014,,01/01/2014,,2014
Bangladesh,M,Education,Primary,01/01/2014,,01/01/2014,,2014
Bangladesh,M,Education,Secondary,01/01/2014,,01/01/2014,,2014
Bangladesh,M,Education,Higher,01/01/2014,,01/01/2014,,2014
Bangladesh,M,Education,No education,01/01/2014,,01/01/2014,,2014
Bangladesh,M,Education,Primary,01/01/2014,,01/01/2014,,2014
Bangladesh,M,Education,Secondary,01/01/2014,,01/01/2014,,2014
Bangladesh,M,Education,Higher,01/01/2014,,01/01/2014,,2014
Bangladesh,M,Education,No education,01/01/2014,,01/01/2014,,2014
Bangladesh,M,Education,Primary,01/01/2014,,01/01/2014,,2014
Bangladesh,M,Education,Secondary,01/01/2014,,01/01/2014,,2014
Bangladesh,M,Education,Higher,01/01/2014,,01/01/2014,,2014
Bangladesh,M,Education,No education,01/01/2014,,01/01/2014,,2014
Bangladesh,M,Education,Primary,01/01/2014,,01/01/2014,,2014
Bangladesh,M,Education,Secondary,01/01/2014,,01/01/2014,,2014
Bangladesh,M,Employment,Employed for cash,01/01/2014,,01/01/2014,,2014
Bangladesh,M,Employment,Employed for kind,01/01/2014,,01/01/2014,,2014
Bangladesh,M,Employment,Unemployed,01/01/2014,,01/01/2014,,2014
Bangladesh,M,Employment,Employed for cash,01/01/2014,,01/01/2014,,2014
Bangladesh,M,Employment,Employed for kind,01/01/2014,,01/01/2014,,2014
Bangladesh,M,Employment,Unemployed,01/01/2014,,01/01/2014,,2014
Bangladesh,M,Employment,Employed for cash,01/01/2014,,01/01/2014,,2014
Bangladesh,M,Employment,Employed for kind,01/01/2014,,01/01/2014,,2014
Bangladesh,M,Employment,Unemployed,01/01/2014,,01/01/2014,,2014
Bangladesh,M,Employment,Employed for cash,01/01/2014,,01/01/2014,,2014
Bangladesh,M,Employment,Employed for kind,01/01/2014,,01/01/2014,,2014
Bangladesh,M,Employment,Unemployed,01/01/2014,,01/01/2014,,2014
Bangladesh,M,Employment,Employed for cash,01/01/2014,,01/01/2014,,2014
Bangladesh,M,Employment,Employed for kind,01/01/2014,,01/01/2014,,2014
Bangladesh,M,Employment,Unemployed,01/01/2014,,01/01/2014,,2014
Bangladesh,M,Marital status,Married or living together,01/01/2014,,01/01/2014,,2014
Bangladesh,M,Marital status,Never married,01/01/2014,,01/01/2014,,2014
Bangladesh,M,Marital status,"Widowed, divorced, separated",01/01/2014,,01/01/2014,,2014
Bangladesh,M,Marital status,Married or living together,01/01/2014,,01/01/2014,,2014
Bangladesh,M,Marital status,Never married,01/01/2014,,01/01/2014,,2014
Bangladesh,M,Marital status,"Widowed, divorced, separated",01/01/2014,,01/01/2014,,2014
Bangladesh,M,Marital status,Married or living together,01/01/2014,,01/01/2014,,2014
Bangladesh,M,Marital status,Never married,01/01/2014,,01/01/2014,,2014
Bangladesh,M,Marital status,"Widowed, divorced, separated",01/01/2014,,01/01/2014,,2014
Bangladesh,M,Marital status,Married or living together,01/01/2014,,01/01/2014,,2014
Bangladesh,M,Marital status,Never married,01/01/2014,,01/01/2014,,2014
Bangladesh,M,Marital status,"Widowed, divorced, separated",01/01/2014,,01/01/2014,,2014
Bangladesh,M,Marital status,Married or living together,01/01/2014,,01/01/2014,,2014
Bangladesh,M,Marital status,Never married,01/01/2014,,01/01/2014,,2014
Bangladesh,M,Marital status,"Widowed, divorced, separated",01/01/2014,,01/01/2014,,2014
Bangladesh,M,Residence,Rural,01/01/2014,,01/01/2014,,2014
Bangladesh,M,Residence,Urban,01/01/2014,,01/01/2014,,2014
Bangladesh,M,Residence,Rural,01/01/2014,,01/01/2014,,2014
Bangladesh,M,Residence,Urban,01/01/2014,,01/01/2014,,2014
Bangladesh,M,Residence,Rural,01/01/2014,,01/01/2014,,2014
Bangladesh,M,Residence,Urban,01/01/2014,,01/01/2014,,2014
Bangladesh,M,Residence,Rural,01/01/2014,,01/01/2014,,2014
Bangladesh,M,Residence,Urban,01/01/2014,,01/01/2014,,2014
Bangladesh,M,Residence,Rural,01/01/2014,,01/01/2014,,2014
Bangladesh,M,Residence,Urban,01/01/2014,,01/01/2014,,2014
Bolivia,M,Age,15-24,01/01/2008,,01/01/2008,,2008
Bolivia,M,Age,25-34,01/01/2008,,01/01/2008,,2008
Bolivia,M,Age,35-49,01/01/2008,,01/01/2008,,2008
Bolivia,M,Education,Higher,01/01/2008,,01/01/2008,,2008
Bolivia,M,Education,No education,01/01/2008,,01/01/2008,,2008
Bolivia,M,Education,Primary,01/01/2008,,01/01/2008,,2008
Bolivia,M,Education,Secondary,01/01/2008,,01/01/2008,,2008
Bolivia,M,Employment,Employed for cash,01/01/2008,,01/01/2008,,2008
Bolivia,M,Employment,Employed for kind,01/01/2008,,01/01/2008,,2008
Bolivia,M,Employment,Unemployed,01/01/2008,,01/01/2008,,2008
Bolivia,M,Marital status,Married or living together,01/01/2008,,01/01/2008,,2008
Bolivia,M,Marital status,Never married,01/01/2008,,01/01/2008,,2008
Bolivia,M,Marital status,"Widowed, divorced, separated",01/01/2008,,01/01/2008,,2008
Bolivia,M,Residence,Rural,01/01/2008,,01/01/2008,,2008
Bolivia,M,Residence,Urban,01/01/2008,,01/01/2008,,2008
Bolivia,M,Age,15-24,01/01/2008,,01/01/2008,,2008
Bolivia,M,Age,25-34,01/01/2008,,01/01/2008,,2008
Bolivia,M,Age,35-49,01/01/2008,,01/01/2008,,2008
Bolivia,M,Age,15-24,01/01/2008,,01/01/2008,,2008
Bolivia,M,Age,25-34,01/01/2008,,01/01/2008,,2008
Bolivia,M,Age,35-49,01/01/2008,,01/01/2008,,2008
Bolivia,M,Age,15-24,01/01/2008,,01/01/2008,,2008
Bolivia,M,Age,25-34,01/01/2008,,01/01/2008,,2008
Bolivia,M,Age,35-49,01/01/2008,,01/01/2008,,2008
Bolivia,M,Age,15-24,01/01/2008,,01/01/2008,,2008
Bolivia,M,Age,25-34,01/01/2008,,01/01/2008,,2008
Bolivia,M,Age,35-49,01/01/2008,,01/01/2008,,2008
Bolivia,M,Age,15-24,01/01/2008,,01/01/2008,,2008
Bolivia,M,Age,25-34,01/01/2008,,01/01/2008,,2008
Bolivia,M,Age,35-49,01/01/2008,,01/01/2008,,2008
Bolivia,M,Education,Higher,01/01/2008,,01/01/2008,,2008
Bolivia,M,Education,No education,01/01/2008,,01/01/2008,,2008
Bolivia,M,Education,Primary,01/01/2008,,01/01/2008,,2008
Bolivia,M,Education,Secondary,01/01/2008,,01/01/2008,,2008
Bolivia,M,Education,Higher,01/01/2008,,01/01/2008,,2008
Bolivia,M,Education,No education,01/01/2008,,01/01/2008,,2008
Bolivia,M,Education,Primary,01/01/2008,,01/01/2008,,2008
Bolivia,M,Education,Secondary,01/01/2008,,01/01/2008,,2008
Bolivia,M,Education,Higher,01/01/2008,,01/01/2008,,2008
Bolivia,M,Education,No education,01/01/2008,,01/01/2008,,2008
Bolivia,M,Education,Primary,01/01/2008,,01/01/2008,,2008
Bolivia,M,Education,Secondary,01/01/2008,,01/01/2008,,2008
Bolivia,M,Education,Higher,01/01/2008,,01/01/2008,,2008
Bolivia,M,Education,No education,01/01/2008,,01/01/2008,,2008
Bolivia,M,Education,Primary,01/01/2008,,01/01/2008,,2008
Bolivia,M,Education,Secondary,01/01/2008,,01/01/2008,,2008
Bolivia,M,Education,Higher,01/01/2008,,01/01/2008,,2008
Bolivia,M,Education,No education,01/01/2008,,01/01/2008,,2008
Bolivia,M,Education,Primary,01/01/2008,,01/01/2008,,2008
Bolivia,M,Education,Secondary,01/01/2008,,01/01/2008,,2008
Bolivia,M,Employment,Employed for cash,01/01/2008,,01/01/2008,,2008
Bolivia,M,Employment,Employed for kind,01/01/2008,,01/01/2008,,2008
Bolivia,M,Employment,Unemployed,01/01/2008,,01/01/2008,,2008
Bolivia,M,Employment,Employed for cash,01/01/2008,,01/01/2008,,2008
Bolivia,M,Employment,Employed for kind,01/01/2008,,01/01/2008,,2008
Bolivia,M,Employment,Unemployed,01/01/2008,,01/01/2008,,2008
Bolivia,M,Employment,Employed for cash,01/01/2008,,01/01/2008,,2008
Bolivia,M,Employment,Employed for kind,01/01/2008,,01/01/2008,,2008
Bolivia,M,Employment,Unemployed,01/01/2008,,01/01/2008,,2008
Bolivia,M,Employment,Employed for cash,01/01/2008,,01/01/2008,,2008
Bolivia,M,Employment,Employed for kind,01/01/2008,,01/01/2008,,2008
Bolivia,M,Employment,Unemployed,01/01/2008,,01/01/2008,,2008
Bolivia,M,Employment,Employed for cash,01/01/2008,,01/01/2008,,2008
Bolivia,M,Employment,Employed for kind,01/01/2008,,01/01/2008,,2008
Bolivia,M,Employment,Unemployed,01/01/2008,,01/01/2008,,2008
Bolivia,M,Marital status,Married or living together,01/01/2008,,01/01/2008,,2008
Bolivia,M,Marital status,Never married,01/01/2008,,01/01/2008,,2008
Bolivia,M,Marital status,"Widowed, divorced, separated",01/01/2008,,01/01/2008,,2008
Bolivia,M,Marital status,Married or living together,01/01/2008,,01/01/2008,,2008
Bolivia,M,Marital status,Never married,01/01/2008,,01/01/2008,,2008
Bolivia,M,Marital status,"Widowed, divorced, separated",01/01/2008,,01/01/2008,,2008
Bolivia,M,Marital status,Married or living together,01/01/2008,,01/01/2008,,2008
Bolivia,M,Marital status,Never married,01/01/2008,,01/01/2008,,2008
Bolivia,M,Marital status,"Widowed, divorced, separated",01/01/2008,,01/01/2008,,2008
Bolivia,M,Marital status,Married or living together,01/01/2008,,01/01/2008,,2008
Bolivia,M,Marital status,Never married,01/01/2008,,01/01/2008,,2008
Bolivia,M,Marital status,"Widowed, divorced, separated",01/01/2008,,01/01/2008,,2008
Bolivia,M,Marital status,Married or living together,01/01/2008,,01/01/2008,,2008
Bolivia,M,Marital status,Never married,01/01/2008,,01/01/2008,,2008
Bolivia,M,Marital status,"Widowed, divorced, separated",01/01/2008,,01/01/2008,,2008
Bolivia,M,Residence,Rural,01/01/2008,,01/01/2008,,2008
Bolivia,M,Residence,Urban,01/01/2008,,01/01/2008,,2008
Bolivia,M,Residence,Rural,01/01/2008,,01/01/2008,,2008
Bolivia,M,Residence,Urban,01/01/2008,,01/01/2008,,2008
Bolivia,M,Residence,Rural,01/01/2008,,01/01/2008,,2008
Bolivia,M,Residence,Urban,01/01/2008,,01/01/2008,,2008
Bolivia,M,Residence,Rural,01/01/2008,,01/01/2008,,2008
Bolivia,M,Residence,Urban,01/01/2008,,01/01/2008,,2008
Bolivia,M,Residence,Rural,01/01/2008,,01/01/2008,,2008
Bolivia,M,Residence,Urban,01/01/2008,,01/01/2008,,2008
Congo,F,Age,15-24,01/01/2011,,01/01/2011,,2011
Congo,F,Age,25-34,01/01/2011,,01/01/2011,,2011
Congo,F,Age,35-49,01/01/2011,,01/01/2011,,2011
Congo,F,Education,Higher,01/01/2011,,01/01/2011,,2011
Congo,F,Education,No education,01/01/2011,,01/01/2011,,2011
Congo,F,Education,Primary,01/01/2011,,01/01/2011,,2011
Congo,F,Education,Secondary,01/01/2011,,01/01/2011,,2011
Congo,F,Employment,Employed for cash,01/01/2011,,01/01/2011,,2011
Congo,F,Employment,Employed for kind,01/01/2011,,01/01/2011,,2011
Congo,F,Employment,Unemployed,01/01/2011,,01/01/2011,,2011
Congo,F,Marital status,Married or living together,01/01/2011,,01/01/2011,,2011
Congo,F,Marital status,Never married,01/01/2011,,01/01/2011,,2011
Congo,F,Marital status,"Widowed, divorced, separated",01/01/2011,,01/01/2011,,2011
Congo,F,Residence,Rural,01/01/2011,,01/01/2011,,2011
Congo,F,Residence,Urban,01/01/2011,,01/01/2011,,2011
Congo,M,Age,15-24,01/01/2011,,01/01/2011,,2011
Congo,M,Age,25-34,01/01/2011,,01/01/2011,,2011
Congo,M,Age,35-49,01/01/2011,,01/01/2011,,2011
Congo,M,Education,Higher,01/01/2011,,01/01/2011,,2011
Congo,M,Education,No education,01/01/2011,,01/01/2011,,2011
Congo,M,Education,Primary,01/01/2011,,01/01/2011,,2011
Congo,M,Education,Secondary,01/01/2011,,01/01/2011,,2011
Congo,M,Employment,Employed for cash,01/01/2011,,01/01/2011,,2011
Congo,M,Employment,Employed for kind,01/01/2011,,01/01/2011,,2011
Congo,M,Employment,Unemployed,01/01/2011,,01/01/2011,,2011
Congo,M,Marital status,Married or living together,01/01/2011,,01/01/2011,,2011
Congo,M,Marital status,Never married,01/01/2011,,01/01/2011,,2011
Congo,M,Marital status,"Widowed, divorced, separated",01/01/2011,,01/01/2011,,2011
Congo,M,Residence,Rural,01/01/2011,,01/01/2011,,2011
Congo,M,Residence,Urban,01/01/2011,,01/01/2011,,2011
Congo,F,Age,15-24,01/01/2011,,01/01/2011,,2011
Congo,F,Age,25-34,01/01/2011,,01/01/2011,,2011
Congo,F,Age,35-49,01/01/2011,,01/01/2011,,2011
Congo,F,Education,Higher,01/01/2011,,01/01/2011,,2011
Congo,F,Education,No education,01/01/2011,,01/01/2011,,2011
Congo,F,Education,Primary,01/01/2011,,01/01/2011,,2011
Congo,F,Education,Secondary,01/01/2011,,01/01/2011,,2011
Congo,F,Employment,Employed for cash,01/01/2011,,01/01/2011,,2011
Congo,F,Employment,Employed for kind,01/01/2011,,01/01/2011,,2011
Congo,F,Employment,Unemployed,01/01/2011,,01/01/2011,,2011
Congo,F,Marital status,Married or living together,01/01/2011,,01/01/2011,,2011
Congo,F,Marital status,Never married,01/01/2011,,01/01/2011,,2011
Congo,F,Marital status,"Widowed, divorced, separated",01/01/2011,,01/01/2011,,2011
Congo,F,Residence,Rural,01/01/2011,,01/01/2011,,2011
Congo,F,Residence,Urban,01/01/2011,,01/01/2011,,2011
Congo,M,Age,15-24,01/01/2011,,01/01/2011,,2011
Congo,M,Age,25-34,01/01/2011,,01/01/2011,,2011
Congo,M,Age,35-49,01/01/2011,,01/01/2011,,2011
Congo,M,Education,Higher,01/01/2011,,01/01/2011,,2011
Congo,M,Education,No education,01/01/2011,,01/01/2011,,2011
Congo,M,Education,Primary,01/01/2011,,01/01/2011,,2011
Congo,M,Education,Secondary,01/01/2011,,01/01/2011,,2011
Congo,M,Employment,Employed for cash,01/01/2011,,01/01/2011,,2011
Congo,M,Employment,Employed for kind,01/01/2011,,01/01/2011,,2011
Congo,M,Employment,Unemployed,01/01/2011,,01/01/2011,,2011
Congo,M,Marital status,Married or living together,01/01/2011,,01/01/2011,,2011
Congo,M,Marital status,Never married,01/01/2011,,01/01/2011,,2011
Congo,M,Marital status,"Widowed, divorced, separated",01/01/2011,,01/01/2011,,2011
Congo,M,Residence,Rural,01/01/2011,,01/01/2011,,2011
Congo,M,Residence,Urban,01/01/2011,,01/01/2011,,2011
Dominican Republic,M,Employment,Employed for cash,01/01/2013,,01/01/2013,,2013
Dominican Republic,M,Employment,Employed for kind,01/01/2013,,01/01/2013,,2013
Dominican Republic,M,Employment,Employed for cash,01/01/2013,,01/01/2013,,2013
Dominican Republic,M,Employment,Employed for kind,01/01/2013,,01/01/2013,,2013
Dominican Republic,M,Employment,Employed for cash,01/01/2013,,01/01/2013,,2013
Dominican Republic,M,Employment,Employed for kind,01/01/2013,,01/01/2013,,2013
Dominican Republic,M,Employment,Employed for cash,01/01/2013,,01/01/2013,,2013
Dominican Republic,M,Employment,Employed for kind,01/01/2013,,01/01/2013,,2013
Dominican Republic,M,Employment,Employed for cash,01/01/2013,,01/01/2013,,2013
Dominican Republic,M,Employment,Employed for kind,01/01/2013,,01/01/2013,,2013
Dominican Republic,M,Employment,Employed for cash,01/01/2013,,01/01/2013,,2013
Dominican Republic,M,Employment,Employed for kind,01/01/2013,,01/01/2013,,2013
Egypt,F,Marital status,Never married,01/01/2014,,01/01/2014,,2014
Egypt,M,Age,15-24,01/01/2014,,01/01/2014,,2014
Egypt,M,Age,25-34,01/01/2014,,01/01/2014,,2014
Egypt,M,Age,35-49,01/01/2014,,01/01/2014,,2014
Egypt,M,Education,Higher,01/01/2014,,01/01/2014,,2014
Egypt,M,Education,No education,01/01/2014,,01/01/2014,,2014
Egypt,M,Education,Primary,01/01/2014,,01/01/2014,,2014
Egypt,M,Education,Secondary,01/01/2014,,01/01/2014,,2014
Egypt,M,Employment,Employed for cash,01/01/2014,,01/01/2014,,2014
Egypt,M,Employment,Employed for kind,01/01/2014,,01/01/2014,,2014
Egypt,M,Employment,Unemployed,01/01/2014,,01/01/2014,,2014
Egypt,M,Marital status,Married or living together,01/01/2014,,01/01/2014,,2014
Egypt,M,Marital status,Never married,01/01/2014,,01/01/2014,,2014
Egypt,M,Marital status,"Widowed, divorced, separated",01/01/2014,,01/01/2014,,2014
Egypt,M,Residence,Rural,01/01/2014,,01/01/2014,,2014
Egypt,M,Residence,Urban,01/01/2014,,01/01/2014,,2014
Egypt,F,Marital status,Never married,01/01/2014,,01/01/2014,,2014
Egypt,F,Marital status,Never married,01/01/2014,,01/01/2014,,2014
Egypt,F,Marital status,Never married,01/01/2014,,01/01/2014,,2014
Egypt,F,Marital status,Never married,01/01/2014,,01/01/2014,,2014
Egypt,F,Marital status,Never married,01/01/2014,,01/01/2014,,2014
Egypt,M,Age,15-24,01/01/2014,,01/01/2014,,2014
Egypt,M,Age,25-34,01/01/2014,,01/01/2014,,2014
Egypt,M,Age,35-49,01/01/2014,,01/01/2014,,2014
Egypt,M,Age,15-24,01/01/2014,,01/01/2014,,2014
Egypt,M,Age,25-34,01/01/2014,,01/01/2014,,2014
Egypt,M,Age,35-49,01/01/2014,,01/01/2014,,2014
Egypt,M,Age,15-24,01/01/2014,,01/01/2014,,2014
Egypt,M,Age,25-34,01/01/2014,,01/01/2014,,2014
Egypt,M,Age,35-49,01/01/2014,,01/01/2014,,2014
Egypt,M,Age,15-24,01/01/2014,,01/01/2014,,2014
Egypt,M,Age,25-34,01/01/2014,,01/01/2014,,2014
Egypt,M,Age,35-49,01/01/2014,,01/01/2014,,2014
Egypt,M,Age,15-24,01/01/2014,,01/01/2014,,2014
Egypt,M,Age,25-34,01/01/2014,,01/01/2014,,2014
Egypt,M,Age,35-49,01/01/2014,,01/01/2014,,2014
Egypt,M,Education,Higher,01/01/2014,,01/01/2014,,2014
Egypt,M,Education,No education,01/01/2014,,01/01/2014,,2014
Egypt,M,Education,Primary,01/01/2014,,01/01/2014,,2014
Egypt,M,Education,Secondary,01/01/2014,,01/01/2014,,2014
Egypt,M,Education,Higher,01/01/2014,,01/01/2014,,2014
Egypt,M,Education,No education,01/01/2014,,01/01/2014,,2014
Egypt,M,Education,Primary,01/01/2014,,01/01/2014,,2014
Egypt,M,Education,Secondary,01/01/2014,,01/01/2014,,2014
Egypt,M,Education,Higher,01/01/2014,,01/01/2014,,2014
Egypt,M,Education,No education,01/01/2014,,01/01/2014,,2014
Egypt,M,Education,Primary,01/01/2014,,01/01/2014,,2014
Egypt,M,Education,Secondary,01/01/2014,,01/01/2014,,2014
Egypt,M,Education,Higher,01/01/2014,,01/01/2014,,2014
Egypt,M,Education,No education,01/01/2014,,01/01/2014,,2014
Egypt,M,Education,Primary,01/01/2014,,01/01/2014,,2014
Egypt,M,Education,Secondary,01/01/2014,,01/01/2014,,2014
Egypt,M,Education,Higher,01/01/2014,,01/01/2014,,2014
Egypt,M,Education,No education,01/01/2014,,01/01/2014,,2014
Egypt,M,Education,Primary,01/01/2014,,01/01/2014,,2014
Egypt,M,Education,Secondary,01/01/2014,,01/01/2014,,2014
Egypt,M,Employment,Employed for cash,01/01/2014,,01/01/2014,,2014
Egypt,M,Employment,Employed for kind,01/01/2014,,01/01/2014,,2014
Egypt,M,Employment,Unemployed,01/01/2014,,01/01/2014,,2014
Egypt,M,Employment,Employed for cash,01/01/2014,,01/01/2014,,2014
Egypt,M,Employment,Employed for kind,01/01/2014,,01/01/2014,,2014
Egypt,M,Employment,Unemployed,01/01/2014,,01/01/2014,,2014
Egypt,M,Employment,Employed for cash,01/01/2014,,01/01/2014,,2014
Egypt,M,Employment,Employed for kind,01/01/2014,,01/01/2014,,2014
Egypt,M,Employment,Unemployed,01/01/2014,,01/01/2014,,2014
Egypt,M,Employment,Employed for cash,01/01/2014,,01/01/2014,,2014
Egypt,M,Employment,Employed for kind,01/01/2014,,01/01/2014,,2014
Egypt,M,Employment,Unemployed,01/01/2014,,01/01/2014,,2014
Egypt,M,Employment,Employed for cash,01/01/2014,,01/01/2014,,2014
Egypt,M,Employment,Employed for kind,01/01/2014,,01/01/2014,,2014
Egypt,M,Employment,Unemployed,01/01/2014,,01/01/2014,,2014
Egypt,M,Marital status,Married or living together,01/01/2014,,01/01/2014,,2014
Egypt,M,Marital status,Never married,01/01/2014,,01/01/2014,,2014
Egypt,M,Marital status,"Widowed, divorced, separated",01/01/2014,,01/01/2014,,2014
Egypt,M,Marital status,Married or living together,01/01/2014,,01/01/2014,,2014
Egypt,M,Marital status,Never married,01/01/2014,,01/01/2014,,2014
Egypt,M,Marital status,"Widowed, divorced, separated",01/01/2014,,01/01/2014,,2014
Egypt,M,Marital status,Married or living together,01/01/2014,,01/01/2014,,2014
Egypt,M,Marital status,Never married,01/01/2014,,01/01/2014,,2014
Egypt,M,Marital status,"Widowed, divorced, separated",01/01/2014,,01/01/2014,,2014
Egypt,M,Marital status,Married or living together,01/01/2014,,01/01/2014,,2014
Egypt,M,Marital status,Never married,01/01/2014,,01/01/2014,,2014
Egypt,M,Marital status,"Widowed, divorced, separated",01/01/2014,,01/01/2014,,2014
Egypt,M,Marital status,Married or living together,01/01/2014,,01/01/2014,,2014
Egypt,M,Marital status,Never married,01/01/2014,,01/01/2014,,2014
Egypt,M,Marital status,"Widowed, divorced, separated",01/01/2014,,01/01/2014,,2014
Egypt,M,Residence,Rural,01/01/2014,,01/01/2014,,2014
Egypt,M,Residence,Urban,01/01/2014,,01/01/2014,,2014
Egypt,M,Residence,Rural,01/01/2014,,01/01/2014,,2014
Egypt,M,Residence,Urban,01/01/2014,,01/01/2014,,2014
Egypt,M,Residence,Rural,01/01/2014,,01/01/2014,,2014
Egypt,M,Residence,Urban,01/01/2014,,01/01/2014,,2014
Egypt,M,Residence,Rural,01/01/2014,,01/01/2014,,2014
Egypt,M,Residence,Urban,01/01/2014,,01/01/2014,,2014
Egypt,M,Residence,Rural,01/01/2014,,01/01/2014,,2014
Egypt,M,Residence,Urban,01/01/2014,,01/01/2014,,2014
Eritrea,M,Age,15-24,01/01/2002,,01/01/2002,,2002
Eritrea,M,Age,25-34,01/01/2002,,01/01/2002,,2002
Eritrea,M,Age,35-49,01/01/2002,,01/01/2002,,2002
Eritrea,M,Education,Higher,01/01/2002,,01/01/2002,,2002
Eritrea,M,Education,No education,01/01/2002,,01/01/2002,,2002
Eritrea,M,Education,Primary,01/01/2002,,01/01/2002,,2002
Eritrea,M,Education,Secondary,01/01/2002,,01/01/2002,,2002
Eritrea,M,Employment,Employed for cash,01/01/2002,,01/01/2002,,2002
Eritrea,M,Employment,Employed for kind,01/01/2002,,01/01/2002,,2002
Eritrea,M,Employment,Unemployed,01/01/2002,,01/01/2002,,2002
Eritrea,M,Marital status,Married or living together,01/01/2002,,01/01/2002,,2002
Eritrea,M,Marital status,Never married,01/01/2002,,01/01/2002,,2002
Eritrea,M,Marital status,"Widowed, divorced, separated",01/01/2002,,01/01/2002,,2002
Eritrea,M,Residence,Rural,01/01/2002,,01/01/2002,,2002
Eritrea,M,Residence,Urban,01/01/2002,,01/01/2002,,2002
Eritrea,M,Age,15-24,01/01/2002,,01/01/2002,,2002
Eritrea,M,Age,25-34,01/01/2002,,01/01/2002,,2002
Eritrea,M,Age,35-49,01/01/2002,,01/01/2002,,2002
Eritrea,M,Age,15-24,01/01/2002,,01/01/2002,,2002
Eritrea,M,Age,25-34,01/01/2002,,01/01/2002,,2002
Eritrea,M,Age,35-49,01/01/2002,,01/01/2002,,2002
Eritrea,M,Age,15-24,01/01/2002,,01/01/2002,,2002
Eritrea,M,Age,25-34,01/01/2002,,01/01/2002,,2002
Eritrea,M,Age,35-49,01/01/2002,,01/01/2002,,2002
Eritrea,M,Age,15-24,01/01/2002,,01/01/2002,,2002
Eritrea,M,Age,25-34,01/01/2002,,01/01/2002,,2002
Eritrea,M,Age,35-49,01/01/2002,,01/01/2002,,2002
Eritrea,M,Age,15-24,01/01/2002,,01/01/2002,,2002
Eritrea,M,Age,25-34,01/01/2002,,01/01/2002,,2002
Eritrea,M,Age,35-49,01/01/2002,,01/01/2002,,2002
Eritrea,M,Education,Higher,01/01/2002,,01/01/2002,,2002
Eritrea,M,Education,No education,01/01/2002,,01/01/2002,,2002
Eritrea,M,Education,Primary,01/01/2002,,01/01/2002,,2002
Eritrea,M,Education,Secondary,01/01/2002,,01/01/2002,,2002
Eritrea,M,Education,Higher,01/01/2002,,01/01/2002,,2002
Eritrea,M,Education,No education,01/01/2002,,01/01/2002,,2002
Eritrea,M,Education,Primary,01/01/2002,,01/01/2002,,2002
Eritrea,M,Education,Secondary,01/01/2002,,01/01/2002,,2002
Eritrea,M,Education,Higher,01/01/2002,,01/01/2002,,2002
Eritrea,M,Education,No education,01/01/2002,,01/01/2002,,2002
Eritrea,M,Education,Primary,01/01/2002,,01/01/2002,,2002
Eritrea,M,Education,Secondary,01/01/2002,,01/01/2002,,2002
Eritrea,M,Education,Higher,01/01/2002,,01/01/2002,,2002
Eritrea,M,Education,No education,01/01/2002,,01/01/2002,,2002
Eritrea,M,Education,Primary,01/01/2002,,01/01/2002,,2002
Eritrea,M,Education,Secondary,01/01/2002,,01/01/2002,,2002
Eritrea,M,Education,Higher,01/01/2002,,01/01/2002,,2002
Eritrea,M,Education,No education,01/01/2002,,01/01/2002,,2002
Eritrea,M,Education,Primary,01/01/2002,,01/01/2002,,2002
Eritrea,M,Education,Secondary,01/01/2002,,01/01/2002,,2002
Eritrea,M,Employment,Employed for cash,01/01/2002,,01/01/2002,,2002
Eritrea,M,Employment,Employed for kind,01/01/2002,,01/01/2002,,2002
Eritrea,M,Employment,Unemployed,01/01/2002,,01/01/2002,,2002
Eritrea,M,Employment,Employed for cash,01/01/2002,,01/01/2002,,2002
Eritrea,M,Employment,Employed for kind,01/01/2002,,01/01/2002,,2002
Eritrea,M,Employment,Unemployed,01/01/2002,,01/01/2002,,2002
Eritrea,M,Employment,Employed for cash,01/01/2002,,01/01/2002,,2002
Eritrea,M,Employment,Employed for kind,01/01/2002,,01/01/2002,,2002
Eritrea,M,Employment,Unemployed,01/01/2002,,01/01/2002,,2002
Eritrea,M,Employment,Employed for cash,01/01/2002,,01/01/2002,,2002
Eritrea,M,Employment,Employed for kind,01/01/2002,,01/01/2002,,2002
Eritrea,M,Employment,Unemployed,01/01/2002,,01/01/2002,,2002
Eritrea,M,Employment,Employed for cash,01/01/2002,,01/01/2002,,2002
Eritrea,M,Employment,Employed for kind,01/01/2002,,01/01/2002,,2002
Eritrea,M,Employment,Unemployed,01/01/2002,,01/01/2002,,2002
Eritrea,M,Marital status,Married or living together,01/01/2002,,01/01/2002,,2002
Eritrea,M,Marital status,Never married,01/01/2002,,01/01/2002,,2002
Eritrea,M,Marital status,"Widowed, divorced, separated",01/01/2002,,01/01/2002,,2002
Eritrea,M,Marital status,Married or living together,01/01/2002,,01/01/2002,,2002
Eritrea,M,Marital status,Never married,01/01/2002,,01/01/2002,,2002
Eritrea,M,Marital status,"Widowed, divorced, separated",01/01/2002,,01/01/2002,,2002
Eritrea,M,Marital status,Married or living together,01/01/2002,,01/01/2002,,2002
Eritrea,M,Marital status,Never married,01/01/2002,,01/01/2002,,2002
Eritrea,M,Marital status,"Widowed, divorced, separated",01/01/2002,,01/01/2002,,2002
Eritrea,M,Marital status,Married or living together,01/01/2002,,01/01/2002,,2002
Eritrea,M,Marital status,Never married,01/01/2002,,01/01/2002,,2002
Eritrea,M,Marital status,"Widowed, divorced, separated",01/01/2002,,01/01/2002,,2002
Eritrea,M,Marital status,Married or living together,01/01/2002,,01/01/2002,,2002
Eritrea,M,Marital status,Never married,01/01/2002,,01/01/2002,,2002
Eritrea,M,Marital status,"Widowed, divorced, separated",01/01/2002,,01/01/2002,,2002
Eritrea,M,Residence,Rural,01/01/2002,,01/01/2002,,2002
Eritrea,M,Residence,Urban,01/01/2002,,01/01/2002,,2002
Eritrea,M,Residence,Rural,01/01/2002,,01/01/2002,,2002
Eritrea,M,Residence,Urban,01/01/2002,,01/01/2002,,2002
Eritrea,M,Residence,Rural,01/01/2002,,01/01/2002,,2002
Eritrea,M,Residence,Urban,01/01/2002,,01/01/2002,,2002
Eritrea,M,Residence,Rural,01/01/2002,,01/01/2002,,2002
Eritrea,M,Residence,Urban,01/01/2002,,01/01/2002,,2002
Eritrea,M,Residence,Rural,01/01/2002,,01/01/2002,,2002
Eritrea,M,Residence,Urban,01/01/2002,,01/01/2002,,2002
Indonesia,M,Marital status,Never married,01/01/2012,,01/01/2012,,2012
Indonesia,M,Marital status,"Widowed, divorced, separated",01/01/2012,,01/01/2012,,2012
Indonesia,M,Marital status,Never married,01/01/2012,,01/01/2012,,2012
Indonesia,M,Marital status,"Widowed, divorced, separated",01/01/2012,,01/01/2012,,2012
Indonesia,M,Marital status,Never married,01/01/2012,,01/01/2012,,2012
Indonesia,M,Marital status,"Widowed, divorced, separated",01/01/2012,,01/01/2012,,2012
Indonesia,M,Marital status,Never married,01/01/2012,,01/01/2012,,2012
Indonesia,M,Marital status,"Widowed, divorced, separated",01/01/2012,,01/01/2012,,2012
Indonesia,M,Marital status,Never married,01/01/2012,,01/01/2012,,2012
Indonesia,M,Marital status,"Widowed, divorced, separated",01/01/2012,,01/01/2012,,2012
Indonesia,M,Marital status,Never married,01/01/2012,,01/01/2012,,2012
Indonesia,M,Marital status,"Widowed, divorced, separated",01/01/2012,,01/01/2012,,2012
Jordan,F,Employment,Employed for cash,01/01/2017,,01/01/2017,,2017
Jordan,F,Marital status,Never married,01/01/2017,,01/01/2017,,2017
Jordan,F,Age,15-24,01/01/2017,,01/01/2017,,2017
Jordan,F,Age,25-34,01/01/2017,,01/01/2017,,2017
Jordan,F,Age,35-49,01/01/2017,,01/01/2017,,2017
Jordan,F,Education,Higher,01/01/2017,,01/01/2017,,2017
Jordan,F,Education,No education,01/01/2017,,01/01/2017,,2017
Jordan,F,Education,Primary,01/01/2017,,01/01/2017,,2017
Jordan,F,Education,Secondary,01/01/2017,,01/01/2017,,2017
Jordan,F,Employment,Employed for cash,01/01/2017,,01/01/2017,,2017
Jordan,F,Employment,Employed for cash,01/01/2017,,01/01/2017,,2017
Jordan,F,Employment,Employed for cash,01/01/2017,,01/01/2017,,2017
Jordan,F,Employment,Employed for cash,01/01/2017,,01/01/2017,,2017
Jordan,F,Employment,Employed for cash,01/01/2017,,01/01/2017,,2017
Jordan,F,Employment,Employed for kind,01/01/2017,,01/01/2017,,2017
Jordan,F,Employment,Unemployed,01/01/2017,,01/01/2017,,2017
Jordan,F,Marital status,Never married,01/01/2017,,01/01/2017,,2017
Jordan,F,Marital status,Never married,01/01/2017,,01/01/2017,,2017
Jordan,F,Marital status,Never married,01/01/2017,,01/01/2017,,2017
Jordan,F,Marital status,Never married,01/01/2017,,01/01/2017,,2017
Jordan,F,Marital status,Married or living together,01/01/2017,,01/01/2017,,2017
Jordan,F,Marital status,Never married,01/01/2017,,01/01/2017,,2017
Jordan,F,Marital status,"Widowed, divorced, separated",01/01/2017,,01/01/2017,,2017
Jordan,F,Residence,Rural,01/01/2017,,01/01/2017,,2017
Jordan,F,Residence,Urban,01/01/2017,,01/01/2017,,2017
Jordan,M,Age,15-24,01/01/2017,,01/01/2017,,2017
Jordan,M,Age,25-34,01/01/2017,,01/01/2017,,2017
Jordan,M,Age,35-49,01/01/2017,,01/01/2017,,2017
Jordan,M,Education,Higher,01/01/2017,,01/01/2017,,2017
Jordan,M,Education,No education,01/01/2017,,01/01/2017,,2017
Jordan,M,Education,Primary,01/01/2017,,01/01/2017,,2017
Jordan,M,Education,Secondary,01/01/2017,,01/01/2017,,2017
Jordan,M,Employment,Employed for cash,01/01/2017,,01/01/2017,,2017
Jordan,M,Employment,Employed for cash,01/01/2017,,01/01/2017,,2017
Jordan,M,Employment,Employed for cash,01/01/2017,,01/01/2017,,2017
Jordan,M,Employment,Employed for cash,01/01/2017,,01/01/2017,,2017
Jordan,M,Employment,Employed for cash,01/01/2017,,01/01/2017,,2017
Jordan,M,Employment,Employed for cash,01/01/2017,,01/01/2017,,2017
Jordan,M,Employment,Employed for kind,01/01/2017,,01/01/2017,,2017
Jordan,M,Employment,Unemployed,01/01/2017,,01/01/2017,,2017
Jordan,M,Marital status,Married or living together,01/01/2017,,01/01/2017,,2017
Jordan,M,Marital status,Never married,01/01/2017,,01/01/2017,,2017
Jordan,M,Marital status,"Widowed, divorced, separated",01/01/2017,,01/01/2017,,2017
Jordan,M,Residence,Rural,01/01/2017,,01/01/2017,,2017
Jordan,M,Residence,Urban,01/01/2017,,01/01/2017,,2017
Kyrgyz Republic,F,Education,No education,01/01/2012,,01/01/2012,,2012
Kyrgyz Republic,F,Education,No education,01/01/2012,,01/01/2012,,2012
Kyrgyz Republic,F,Education,No education,01/01/2012,,01/01/2012,,2012
Kyrgyz Republic,F,Education,No education,01/01/2012,,01/01/2012,,2012
Kyrgyz Republic,F,Education,No education,01/01/2012,,01/01/2012,,2012
Kyrgyz Republic,F,Education,No education,01/01/2012,,01/01/2012,,2012
Kyrgyz Republic,M,Education,No education,01/01/2012,,01/01/2012,,2012
Kyrgyz Republic,M,Education,Primary,01/01/2012,,01/01/2012,,2012
Kyrgyz Republic,M,Education,No education,01/01/2012,,01/01/2012,,2012
Kyrgyz Republic,M,Education,Primary,01/01/2012,,01/01/2012,,2012
Kyrgyz Republic,M,Education,No education,01/01/2012,,01/01/2012,,2012
Kyrgyz Republic,M,Education,Primary,01/01/2012,,01/01/2012,,2012
Kyrgyz Republic,M,Education,No education,01/01/2012,,01/01/2012,,2012
Kyrgyz Republic,M,Education,Primary,01/01/2012,,01/01/2012,,2012
Kyrgyz Republic,M,Education,No education,01/01/2012,,01/01/2012,,2012
Kyrgyz Republic,M,Education,Primary,01/01/2012,,01/01/2012,,2012
Kyrgyz Republic,M,Education,No education,01/01/2012,,01/01/2012,,2012
Kyrgyz Republic,M,Education,Primary,01/01/2012,,01/01/2012,,2012
Maldives,F,Age,15-24,01/01/2016,,01/01/2016,,2016
Maldives,F,Age,25-34,01/01/2016,,01/01/2016,,2016
Maldives,F,Age,35-49,01/01/2016,,01/01/2016,,2016
Maldives,F,Age,15-24,01/01/2016,,01/01/2016,,2016
Maldives,F,Age,25-34,01/01/2016,,01/01/2016,,2016
Maldives,F,Age,35-49,01/01/2016,,01/01/2016,,2016
Maldives,F,Education,Higher,01/01/2016,,01/01/2016,,2016
Maldives,F,Education,No education,01/01/2016,,01/01/2016,,2016
Maldives,F,Education,Primary,01/01/2016,,01/01/2016,,2016
Maldives,F,Education,Secondary,01/01/2016,,01/01/2016,,2016
Maldives,F,Education,Higher,01/01/2016,,01/01/2016,,2016
Maldives,F,Education,No education,01/01/2016,,01/01/2016,,2016
Maldives,F,Education,Primary,01/01/2016,,01/01/2016,,2016
Maldives,F,Education,Secondary,01/01/2016,,01/01/2016,,2016
Maldives,F,Employment,Employed for cash,01/01/2016,,01/01/2016,,2016
Maldives,F,Employment,Employed for kind,01/01/2016,,01/01/2016,,2016
Maldives,F,Employment,Unemployed,01/01/2016,,01/01/2016,,2016
Maldives,F,Employment,Employed for cash,01/01/2016,,01/01/2016,,2016
Maldives,F,Employment,Employed for kind,01/01/2016,,01/01/2016,,2016
Maldives,F,Employment,Unemployed,01/01/2016,,01/01/2016,,2016
Maldives,F,Marital status,Married or living together,01/01/2016,,01/01/2016,,2016
Maldives,F,Marital status,Never married,01/01/2016,,01/01/2016,,2016
Maldives,F,Marital status,"Widowed, divorced, separated",01/01/2016,,01/01/2016,,2016
Maldives,F,Marital status,Married or living together,01/01/2016,,01/01/2016,,2016
Maldives,F,Marital status,Never married,01/01/2016,,01/01/2016,,2016
Maldives,F,Marital status,"Widowed, divorced, separated",01/01/2016,,01/01/2016,,2016
Maldives,F,Residence,Rural,01/01/2016,,01/01/2016,,2016
Maldives,F,Residence,Urban,01/01/2016,,01/01/2016,,2016
Maldives,F,Residence,Rural,01/01/2016,,01/01/2016,,2016
Maldives,F,Residence,Urban,01/01/2016,,01/01/2016,,2016
Maldives,M,Age,15-24,01/01/2016,,01/01/2016,,2016
Maldives,M,Age,25-34,01/01/2016,,01/01/2016,,2016
Maldives,M,Age,35-49,01/01/2016,,01/01/2016,,2016
Maldives,M,Age,15-24,01/01/2016,,01/01/2016,,2016
Maldives,M,Age,25-34,01/01/2016,,01/01/2016,,2016
Maldives,M,Age,35-49,01/01/2016,,01/01/2016,,2016
Maldives,M,Education,Higher,01/01/2016,,01/01/2016,,2016
Maldives,M,Education,No education,01/01/2016,,01/01/2016,,2016
Maldives,M,Education,Primary,01/01/2016,,01/01/2016,,2016
Maldives,M,Education,Secondary,01/01/2016,,01/01/2016,,2016
Maldives,M,Education,Higher,01/01/2016,,01/01/2016,,2016
Maldives,M,Education,No education,01/01/2016,,01/01/2016,,2016
Maldives,M,Education,Primary,01/01/2016,,01/01/2016,,2016
Maldives,M,Education,Secondary,01/01/2016,,01/01/2016,,2016
Maldives,M,Employment,Employed for cash,01/01/2016,,01/01/2016,,2016
Maldives,M,Employment,Employed for kind,01/01/2016,,01/01/2016,,2016
Maldives,M,Employment,Unemployed,01/01/2016,,01/01/2016,,2016
Maldives,M,Employment,Employed for cash,01/01/2016,,01/01/2016,,2016
Maldives,M,Employment,Employed for kind,01/01/2016,,01/01/2016,,2016
Maldives,M,Employment,Unemployed,01/01/2016,,01/01/2016,,2016
Maldives,M,Marital status,Married or living together,01/01/2016,,01/01/2016,,2016
Maldives,M,Marital status,Never married,01/01/2016,,01/01/2016,,2016
Maldives,M,Marital status,"Widowed, divorced, separated",01/01/2016,,01/01/2016,,2016
Maldives,M,Marital status,Married or living together,01/01/2016,,01/01/2016,,2016
Maldives,M,Marital status,Never married,01/01/2016,,01/01/2016,,2016
Maldives,M,Marital status,"Widowed, divorced, separated",01/01/2016,,01/01/2016,,2016
Maldives,M,Residence,Rural,01/01/2016,,01/01/2016,,2016
Maldives,M,Residence,Urban,01/01/2016,,01/01/2016,,2016
Maldives,M,Residence,Rural,01/01/2016,,01/01/2016,,2016
Maldives,M,Residence,Urban,01/01/2016,,01/01/2016,,2016
Moldova,F,Education,No education,01/01/2005,,01/01/2005,,2005
Moldova,F,Education,No education,01/01/2005,,01/01/2005,,2005
Moldova,F,Education,No education,01/01/2005,,01/01/2005,,2005
Moldova,F,Education,No education,01/01/2005,,01/01/2005,,2005
Moldova,F,Education,No education,01/01/2005,,01/01/2005,,2005
Moldova,F,Education,No education,01/01/2005,,01/01/2005,,2005
Moldova,M,Education,No education,01/01/2005,,01/01/2005,,2005
Moldova,M,Education,Primary,01/01/2005,,01/01/2005,,2005
Moldova,M,Education,No education,01/01/2005,,01/01/2005,,2005
Moldova,M,Education,Primary,01/01/2005,,01/01/2005,,2005
Moldova,M,Education,No education,01/01/2005,,01/01/2005,,2005
Moldova,M,Education,Primary,01/01/2005,,01/01/2005,,2005
Moldova,M,Education,No education,01/01/2005,,01/01/2005,,2005
Moldova,M,Education,Primary,01/01/2005,,01/01/2005,,2005
Moldova,M,Education,No education,01/01/2005,,01/01/2005,,2005
Moldova,M,Education,Primary,01/01/2005,,01/01/2005,,2005
Moldova,M,Education,No education,01/01/2005,,01/01/2005,,2005
Moldova,M,Education,Primary,01/01/2005,,01/01/2005,,2005
Morocco,M,Age,15-24,01/01/2003,,01/01/2003,,2003
Morocco,M,Age,25-34,01/01/2003,,01/01/2003,,2003
Morocco,M,Age,35-49,01/01/2003,,01/01/2003,,2003
Morocco,M,Age,15-24,01/01/2003,,01/01/2003,,2003
Morocco,M,Age,25-34,01/01/2003,,01/01/2003,,2003
Morocco,M,Age,35-49,01/01/2003,,01/01/2003,,2003
Morocco,M,Age,15-24,01/01/2003,,01/01/2003,,2003
Morocco,M,Age,25-34,01/01/2003,,01/01/2003,,2003
Morocco,M,Age,35-49,01/01/2003,,01/01/2003,,2003
Morocco,M,Age,15-24,01/01/2003,,01/01/2003,,2003
Morocco,M,Age,25-34,01/01/2003,,01/01/2003,,2003
Morocco,M,Age,35-49,01/01/2003,,01/01/2003,,2003
Morocco,M,Age,15-24,01/01/2003,,01/01/2003,,2003
Morocco,M,Age,25-34,01/01/2003,,01/01/2003,,2003
Morocco,M,Age,35-49,01/01/2003,,01/01/2003,,2003
Morocco,M,Age,15-24,01/01/2003,,01/01/2003,,2003
Morocco,M,Age,25-34,01/01/2003,,01/01/2003,,2003
Morocco,M,Age,35-49,01/01/2003,,01/01/2003,,2003
Morocco,M,Education,Higher,01/01/2003,,01/01/2003,,2003
Morocco,M,Education,No education,01/01/2003,,01/01/2003,,2003
Morocco,M,Education,Primary,01/01/2003,,01/01/2003,,2003
Morocco,M,Education,Secondary,01/01/2003,,01/01/2003,,2003
Morocco,M,Education,Higher,01/01/2003,,01/01/2003,,2003
Morocco,M,Education,No education,01/01/2003,,01/01/2003,,2003
Morocco,M,Education,Primary,01/01/2003,,01/01/2003,,2003
Morocco,M,Education,Secondary,01/01/2003,,01/01/2003,,2003
Morocco,M,Education,Higher,01/01/2003,,01/01/2003,,2003
Morocco,M,Education,No education,01/01/2003,,01/01/2003,,2003
Morocco,M,Education,Primary,01/01/2003,,01/01/2003,,2003
Morocco,M,Education,Secondary,01/01/2003,,01/01/2003,,2003
Morocco,M,Education,Higher,01/01/2003,,01/01/2003,,2003
Morocco,M,Education,No education,01/01/2003,,01/01/2003,,2003
Morocco,M,Education,Primary,01/01/2003,,01/01/2003,,2003
Morocco,M,Education,Secondary,01/01/2003,,01/01/2003,,2003
Morocco,M,Education,Higher,01/01/2003,,01/01/2003,,2003
Morocco,M,Education,No education,01/01/2003,,01/01/2003,,2003
Morocco,M,Education,Primary,01/01/2003,,01/01/2003,,2003
Morocco,M,Education,Secondary,01/01/2003,,01/01/2003,,2003
Morocco,M,Education,Higher,01/01/2003,,01/01/2003,,2003
Morocco,M,Education,No education,01/01/2003,,01/01/2003,,2003
Morocco,M,Education,Primary,01/01/2003,,01/01/2003,,2003
Morocco,M,Education,Secondary,01/01/2003,,01/01/2003,,2003
Morocco,M,Employment,Employed for cash,01/01/2003,,01/01/2003,,2003
Morocco,M,Employment,Employed for kind,01/01/2003,,01/01/2003,,2003
Morocco,M,Employment,Unemployed,01/01/2003,,01/01/2003,,2003
Morocco,M,Employment,Employed for cash,01/01/2003,,01/01/2003,,2003
Morocco,M,Employment,Employed for kind,01/01/2003,,01/01/2003,,2003
Morocco,M,Employment,Unemployed,01/01/2003,,01/01/2003,,2003
Morocco,M,Employment,Employed for cash,01/01/2003,,01/01/2003,,2003
Morocco,M,Employment,Employed for kind,01/01/2003,,01/01/2003,,2003
Morocco,M,Employment,Unemployed,01/01/2003,,01/01/2003,,2003
Morocco,M,Employment,Employed for cash,01/01/2003,,01/01/2003,,2003
Morocco,M,Employment,Employed for kind,01/01/2003,,01/01/2003,,2003
Morocco,M,Employment,Unemployed,01/01/2003,,01/01/2003,,2003
Morocco,M,Employment,Employed for cash,01/01/2003,,01/01/2003,,2003
Morocco,M,Employment,Employed for kind,01/01/2003,,01/01/2003,,2003
Morocco,M,Employment,Unemployed,01/01/2003,,01/01/2003,,2003
Morocco,M,Employment,Employed for cash,01/01/2003,,01/01/2003,,2003
Morocco,M,Employment,Employed for kind,01/01/2003,,01/01/2003,,2003
Morocco,M,Employment,Unemployed,01/01/2003,,01/01/2003,,2003
Morocco,M,Marital status,Married or living together,01/01/2003,,01/01/2003,,2003
Morocco,M,Marital status,Never married,01/01/2003,,01/01/2003,,2003
Morocco,M,Marital status,"Widowed, divorced, separated",01/01/2003,,01/01/2003,,2003
Morocco,M,Marital status,Married or living together,01/01/2003,,01/01/2003,,2003
Morocco,M,Marital status,Never married,01/01/2003,,01/01/2003,,2003
Morocco,M,Marital status,"Widowed, divorced, separated",01/01/2003,,01/01/2003,,2003
Morocco,M,Marital status,Married or living together,01/01/2003,,01/01/2003,,2003
Morocco,M,Marital status,Never married,01/01/2003,,01/01/2003,,2003
Morocco,M,Marital status,"Widowed, divorced, separated",01/01/2003,,01/01/2003,,2003
Morocco,M,Marital status,Married or living together,01/01/2003,,01/01/2003,,2003
Morocco,M,Marital status,Never married,01/01/2003,,01/01/2003,,2003
Morocco,M,Marital status,"Widowed, divorced, separated",01/01/2003,,01/01/2003,,2003
Morocco,M,Marital status,Married or living together,01/01/2003,,01/01/2003,,2003
Morocco,M,Marital status,Never married,01/01/2003,,01/01/2003,,2003
Morocco,M,Marital status,"Widowed, divorced, separated",01/01/2003,,01/01/2003,,2003
Morocco,M,Marital status,Married or living together,01/01/2003,,01/01/2003,,2003
Morocco,M,Marital status,Never married,01/01/2003,,01/01/2003,,2003
Morocco,M,Marital status,"Widowed, divorced, separated",01/01/2003,,01/01/2003,,2003
Morocco,M,Residence,Rural,01/01/2003,,01/01/2003,,2003
Morocco,M,Residence,Urban,01/01/2003,,01/01/2003,,2003
Morocco,M,Residence,Rural,01/01/2003,,01/01/2003,,2003
Morocco,M,Residence,Urban,01/01/2003,,01/01/2003,,2003
Morocco,M,Residence,Rural,01/01/2003,,01/01/2003,,2003
Morocco,M,Residence,Urban,01/01/2003,,01/01/2003,,2003
Morocco,M,Residence,Rural,01/01/2003,,01/01/2003,,2003
Morocco,M,Residence,Urban,01/01/2003,,01/01/2003,,2003
Morocco,M,Residence,Rural,01/01/2003,,01/01/2003,,2003
Morocco,M,Residence,Urban,01/01/2003,,01/01/2003,,2003
Morocco,M,Residence,Rural,01/01/2003,,01/01/2003,,2003
Morocco,M,Residence,Urban,01/01/2003,,01/01/2003,,2003
Nicaragua,M,Age,15-24,01/01/2001,,01/01/2001,,2001
Nicaragua,M,Age,25-34,01/01/2001,,01/01/2001,,2001
Nicaragua,M,Age,35-49,01/01/2001,,01/01/2001,,2001
Nicaragua,M,Age,15-24,01/01/2001,,01/01/2001,,2001
Nicaragua,M,Age,25-34,01/01/2001,,01/01/2001,,2001
Nicaragua,M,Age,35-49,01/01/2001,,01/01/2001,,2001
Nicaragua,M,Age,15-24,01/01/2001,,01/01/2001,,2001
Nicaragua,M,Age,25-34,01/01/2001,,01/01/2001,,2001
Nicaragua,M,Age,35-49,01/01/2001,,01/01/2001,,2001
Nicaragua,M,Age,15-24,01/01/2001,,01/01/2001,,2001
Nicaragua,M,Age,25-34,01/01/2001,,01/01/2001,,2001
Nicaragua,M,Age,35-49,01/01/2001,,01/01/2001,,2001
Nicaragua,M,Age,15-24,01/01/2001,,01/01/2001,,2001
Nicaragua,M,Age,25-34,01/01/2001,,01/01/2001,,2001
Nicaragua,M,Age,35-49,01/01/2001,,01/01/2001,,2001
Nicaragua,M,Age,15-24,01/01/2001,,01/01/2001,,2001
Nicaragua,M,Age,25-34,01/01/2001,,01/01/2001,,2001
Nicaragua,M,Age,35-49,01/01/2001,,01/01/2001,,2001
Nicaragua,M,Education,Higher,01/01/2001,,01/01/2001,,2001
Nicaragua,M,Education,No education,01/01/2001,,01/01/2001,,2001
Nicaragua,M,Education,Primary,01/01/2001,,01/01/2001,,2001
Nicaragua,M,Education,Secondary,01/01/2001,,01/01/2001,,2001
Nicaragua,M,Education,Higher,01/01/2001,,01/01/2001,,2001
Nicaragua,M,Education,No education,01/01/2001,,01/01/2001,,2001
Nicaragua,M,Education,Primary,01/01/2001,,01/01/2001,,2001
Nicaragua,M,Education,Secondary,01/01/2001,,01/01/2001,,2001
Nicaragua,M,Education,Higher,01/01/2001,,01/01/2001,,2001
Nicaragua,M,Education,No education,01/01/2001,,01/01/2001,,2001
Nicaragua,M,Education,Primary,01/01/2001,,01/01/2001,,2001
Nicaragua,M,Education,Secondary,01/01/2001,,01/01/2001,,2001
Nicaragua,M,Education,Higher,01/01/2001,,01/01/2001,,2001
Nicaragua,M,Education,No education,01/01/2001,,01/01/2001,,2001
Nicaragua,M,Education,Primary,01/01/2001,,01/01/2001,,2001
Nicaragua,M,Education,Secondary,01/01/2001,,01/01/2001,,2001
Nicaragua,M,Education,Higher,01/01/2001,,01/01/2001,,2001
Nicaragua,M,Education,No education,01/01/2001,,01/01/2001,,2001
Nicaragua,M,Education,Primary,01/01/2001,,01/01/2001,,2001
Nicaragua,M,Education,Secondary,01/01/2001,,01/01/2001,,2001
Nicaragua,M,Education,Higher,01/01/2001,,01/01/2001,,2001
Nicaragua,M,Education,No education,01/01/2001,,01/01/2001,,2001
Nicaragua,M,Education,Primary,01/01/2001,,01/01/2001,,2001
Nicaragua,M,Education,Secondary,01/01/2001,,01/01/2001,,2001
Nicaragua,M,Employment,Employed for cash,01/01/2001,,01/01/2001,,2001
Nicaragua,M,Employment,Employed for kind,01/01/2001,,01/01/2001,,2001
Nicaragua,M,Employment,Unemployed,01/01/2001,,01/01/2001,,2001
Nicaragua,M,Employment,Employed for cash,01/01/2001,,01/01/2001,,2001
Nicaragua,M,Employment,Employed for kind,01/01/2001,,01/01/2001,,2001
Nicaragua,M,Employment,Unemployed,01/01/2001,,01/01/2001,,2001
Nicaragua,M,Employment,Employed for cash,01/01/2001,,01/01/2001,,2001
Nicaragua,M,Employment,Employed for kind,01/01/2001,,01/01/2001,,2001
Nicaragua,M,Employment,Unemployed,01/01/2001,,01/01/2001,,2001
Nicaragua,M,Employment,Employed for cash,01/01/2001,,01/01/2001,,2001
Nicaragua,M,Employment,Employed for kind,01/01/2001,,01/01/2001,,2001
Nicaragua,M,Employment,Unemployed,01/01/2001,,01/01/2001,,2001
Nicaragua,M,Employment,Employed for cash,01/01/2001,,01/01/2001,,2001
Nicaragua,M,Employment,Employed for kind,01/01/2001,,01/01/2001,,2001
Nicaragua,M,Employment,Unemployed,01/01/2001,,01/01/2001,,2001
Nicaragua,M,Employment,Employed for cash,01/01/2001,,01/01/2001,,2001
Nicaragua,M,Employment,Employed for kind,01/01/2001,,01/01/2001,,2001
Nicaragua,M,Employment,Unemployed,01/01/2001,,01/01/2001,,2001
Nicaragua,M,Marital status,Married or living together,01/01/2001,,01/01/2001,,2001
Nicaragua,M,Marital status,Never married,01/01/2001,,01/01/2001,,2001
Nicaragua,M,Marital status,"Widowed, divorced, separated",01/01/2001,,01/01/2001,,2001
Nicaragua,M,Marital status,Married or living together,01/01/2001,,01/01/2001,,2001
Nicaragua,M,Marital status,Never married,01/01/2001,,01/01/2001,,2001
Nicaragua,M,Marital status,"Widowed, divorced, separated",01/01/2001,,01/01/2001,,2001
Nicaragua,M,Marital status,Married or living together,01/01/2001,,01/01/2001,,2001
Nicaragua,M,Marital status,Never married,01/01/2001,,01/01/2001,,2001
Nicaragua,M,Marital status,"Widowed, divorced, separated",01/01/2001,,01/01/2001,,2001
Nicaragua,M,Marital status,Married or living together,01/01/2001,,01/01/2001,,2001
Nicaragua,M,Marital status,Never married,01/01/2001,,01/01/2001,,2001
Nicaragua,M,Marital status,"Widowed, divorced, separated",01/01/2001,,01/01/2001,,2001
Nicaragua,M,Marital status,Married or living together,01/01/2001,,01/01/2001,,2001
Nicaragua,M,Marital status,Never married,01/01/2001,,01/01/2001,,2001
Nicaragua,M,Marital status,"Widowed, divorced, separated",01/01/2001,,01/01/2001,,2001
Nicaragua,M,Marital status,Married or living together,01/01/2001,,01/01/2001,,2001
Nicaragua,M,Marital status,Never married,01/01/2001,,01/01/2001,,2001
Nicaragua,M,Marital status,"Widowed, divorced, separated",01/01/2001,,01/01/2001,,2001
Nicaragua,M,Residence,Rural,01/01/2001,,01/01/2001,,2001
Nicaragua,M,Residence,Urban,01/01/2001,,01/01/2001,,2001
Nicaragua,M,Residence,Rural,01/01/2001,,01/01/2001,,2001
Nicaragua,M,Residence,Urban,01/01/2001,,01/01/2001,,2001
Nicaragua,M,Residence,Rural,01/01/2001,,01/01/2001,,2001
Nicaragua,M,Residence,Urban,01/01/2001,,01/01/2001,,2001
Nicaragua,M,Residence,Rural,01/01/2001,,01/01/2001,,2001
Nicaragua,M,Residence,Urban,01/01/2001,,01/01/2001,,2001
Nicaragua,M,Residence,Rural,01/01/2001,,01/01/2001,,2001
Nicaragua,M,Residence,Urban,01/01/2001,,01/01/2001,,2001
Nicaragua,M,Residence,Rural,01/01/2001,,01/01/2001,,2001
Nicaragua,M,Residence,Urban,01/01/2001,,01/01/2001,,2001
Pakistan,F,Marital status,Never married,01/01/2017,,01/01/2017,,2017
Pakistan,F,Marital status,Never married,01/01/2017,,01/01/2017,,2017
Pakistan,F,Marital status,Never married,01/01/2017,,01/01/2017,,2017
Pakistan,F,Marital status,Never married,01/01/2017,,01/01/2017,,2017
Pakistan,F,Marital status,Never married,01/01/2017,,01/01/2017,,2017
Pakistan,F,Marital status,Never married,01/01/2017,,01/01/2017,,2017
Pakistan,M,Marital status,Never married,01/01/2017,,01/01/2017,,2017
Pakistan,M,Marital status,Never married,01/01/2017,,01/01/2017,,2017
Pakistan,M,Marital status,Never married,01/01/2017,,01/01/2017,,2017
Pakistan,M,Marital status,Never married,01/01/2017,,01/01/2017,,2017
Pakistan,M,Marital status,Never married,01/01/2017,,01/01/2017,,2017
Pakistan,M,Marital status,Never married,01/01/2017,,01/01/2017,,2017
Peru,M,Age,15-24,01/01/2012,,01/01/2012,,2012
Peru,M,Age,25-34,01/01/2012,,01/01/2012,,2012
Peru,M,Age,35-49,01/01/2012,,01/01/2012,,2012
Peru,M,Age,15-24,01/01/2012,,01/01/2012,,2012
Peru,M,Age,25-34,01/01/2012,,01/01/2012,,2012
Peru,M,Age,35-49,01/01/2012,,01/01/2012,,2012
Peru,M,Age,15-24,01/01/2012,,01/01/2012,,2012
Peru,M,Age,25-34,01/01/2012,,01/01/2012,,2012
Peru,M,Age,35-49,01/01/2012,,01/01/2012,,2012
Peru,M,Age,15-24,01/01/2012,,01/01/2012,,2012
Peru,M,Age,25-34,01/01/2012,,01/01/2012,,2012
Peru,M,Age,35-49,01/01/2012,,01/01/2012,,2012
Peru,M,Age,15-24,01/01/2012,,01/01/2012,,2012
Peru,M,Age,25-34,01/01/2012,,01/01/2012,,2012
Peru,M,Age,35-49,01/01/2012,,01/01/2012,,2012
Peru,M,Age,15-24,01/01/2012,,01/01/2012,,2012
Peru,M,Age,25-34,01/01/2012,,01/01/2012,,2012
Peru,M,Age,35-49,01/01/2012,,01/01/2012,,2012
Peru,M,Education,Higher,01/01/2012,,01/01/2012,,2012
Peru,M,Education,No education,01/01/2012,,01/01/2012,,2012
Peru,M,Education,Primary,01/01/2012,,01/01/2012,,2012
Peru,M,Education,Secondary,01/01/2012,,01/01/2012,,2012
Peru,M,Education,Higher,01/01/2012,,01/01/2012,,2012
Peru,M,Education,No education,01/01/2012,,01/01/2012,,2012
Peru,M,Education,Primary,01/01/2012,,01/01/2012,,2012
Peru,M,Education,Secondary,01/01/2012,,01/01/2012,,2012
Peru,M,Education,Higher,01/01/2012,,01/01/2012,,2012
Peru,M,Education,No education,01/01/2012,,01/01/2012,,2012
Peru,M,Education,Primary,01/01/2012,,01/01/2012,,2012
Peru,M,Education,Secondary,01/01/2012,,01/01/2012,,2012
Peru,M,Education,Higher,01/01/2012,,01/01/2012,,2012
Peru,M,Education,No education,01/01/2012,,01/01/2012,,2012
Peru,M,Education,Primary,01/01/2012,,01/01/2012,,2012
Peru,M,Education,Secondary,01/01/2012,,01/01/2012,,2012
Peru,M,Education,Higher,01/01/2012,,01/01/2012,,2012
Peru,M,Education,No education,01/01/2012,,01/01/2012,,2012
Peru,M,Education,Primary,01/01/2012,,01/01/2012,,2012
Peru,M,Education,Secondary,01/01/2012,,01/01/2012,,2012
Peru,M,Education,Higher,01/01/2012,,01/01/2012,,2012
Peru,M,Education,No education,01/01/2012,,01/01/2012,,2012
Peru,M,Education,Primary,01/01/2012,,01/01/2012,,2012
Peru,M,Education,Secondary,01/01/2012,,01/01/2012,,2012
Peru,M,Employment,Employed for cash,01/01/2012,,01/01/2012,,2012
Peru,M,Employment,Employed for kind,01/01/2012,,01/01/2012,,2012
Peru,M,Employment,Unemployed,01/01/2012,,01/01/2012,,2012
Peru,M,Employment,Employed for cash,01/01/2012,,01/01/2012,,2012
Peru,M,Employment,Employed for kind,01/01/2012,,01/01/2012,,2012
Peru,M,Employment,Unemployed,01/01/2012,,01/01/2012,,2012
Peru,M,Employment,Employed for cash,01/01/2012,,01/01/2012,,2012
Peru,M,Employment,Employed for kind,01/01/2012,,01/01/2012,,2012
Peru,M,Employment,Unemployed,01/01/2012,,01/01/2012,,2012
Peru,M,Employment,Employed for cash,01/01/2012,,01/01/2012,,2012
Peru,M,Employment,Employed for kind,01/01/2012,,01/01/2012,,2012
Peru,M,Employment,Unemployed,01/01/2012,,01/01/2012,,2012
Peru,M,Employment,Employed for cash,01/01/2012,,01/01/2012,,2012
Peru,M,Employment,Employed for kind,01/01/2012,,01/01/2012,,2012
Peru,M,Employment,Unemployed,01/01/2012,,01/01/2012,,2012
Peru,M,Employment,Employed for cash,01/01/2012,,01/01/2012,,2012
Peru,M,Employment,Employed for kind,01/01/2012,,01/01/2012,,2012
Peru,M,Employment,Unemployed,01/01/2012,,01/01/2012,,2012
Peru,M,Marital status,Married or living together,01/01/2012,,01/01/2012,,2012
Peru,M,Marital status,Never married,01/01/2012,,01/01/2012,,2012
Peru,M,Marital status,"Widowed, divorced, separated",01/01/2012,,01/01/2012,,2012
Peru,M,Marital status,Married or living together,01/01/2012,,01/01/2012,,2012
Peru,M,Marital status,Never married,01/01/2012,,01/01/2012,,2012
Peru,M,Marital status,"Widowed, divorced, separated",01/01/2012,,01/01/2012,,2012
Peru,M,Marital status,Married or living together,01/01/2012,,01/01/2012,,2012
Peru,M,Marital status,Never married,01/01/2012,,01/01/2012,,2012
Peru,M,Marital status,"Widowed, divorced, separated",01/01/2012,,01/01/2012,,2012
Peru,M,Marital status,Married or living together,01/01/2012,,01/01/2012,,2012
Peru,M,Marital status,Never married,01/01/2012,,01/01/2012,,2012
Peru,M,Marital status,"Widowed, divorced, separated",01/01/2012,,01/01/2012,,2012
Peru,M,Marital status,Married or living together,01/01/2012,,01/01/2012,,2012
Peru,M,Marital status,Never married,01/01/2012,,01/01/2012,,2012
Peru,M,Marital status,"Widowed, divorced, separated",01/01/2012,,01/01/2012,,2012
Peru,M,Marital status,Married or living together,01/01/2012,,01/01/2012,,2012
Peru,M,Marital status,Never married,01/01/2012,,01/01/2012,,2012
Peru,M,Marital status,"Widowed, divorced, separated",01/01/2012,,01/01/2012,,2012
Peru,M,Residence,Rural,01/01/2012,,01/01/2012,,2012
Peru,M,Residence,Urban,01/01/2012,,01/01/2012,,2012
Peru,M,Residence,Rural,01/01/2012,,01/01/2012,,2012
Peru,M,Residence,Urban,01/01/2012,,01/01/2012,,2012
Peru,M,Residence,Rural,01/01/2012,,01/01/2012,,2012
Peru,M,Residence,Urban,01/01/2012,,01/01/2012,,2012
Peru,M,Residence,Rural,01/01/2012,,01/01/2012,,2012
Peru,M,Residence,Urban,01/01/2012,,01/01/2012,,2012
Peru,M,Residence,Rural,01/01/2012,,01/01/2012,,2012
Peru,M,Residence,Urban,01/01/2012,,01/01/2012,,2012
Peru,M,Residence,Rural,01/01/2012,,01/01/2012,,2012
Peru,M,Residence,Urban,01/01/2012,,01/01/2012,,2012
Philippines,M,Age,15-24,01/01/2017,,01/01/2017,,2017
Philippines,M,Age,25-34,01/01/2017,,01/01/2017,,2017
Philippines,M,Age,35-49,01/01/2017,,01/01/2017,,2017
Philippines,M,Age,15-24,01/01/2017,,01/01/2017,,2017
Philippines,M,Age,25-34,01/01/2017,,01/01/2017,,2017
Philippines,M,Age,35-49,01/01/2017,,01/01/2017,,2017
Philippines,M,Age,15-24,01/01/2017,,01/01/2017,,2017
Philippines,M,Age,25-34,01/01/2017,,01/01/2017,,2017
Philippines,M,Age,35-49,01/01/2017,,01/01/2017,,2017
Philippines,M,Age,15-24,01/01/2017,,01/01/2017,,2017
Philippines,M,Age,25-34,01/01/2017,,01/01/2017,,2017
Philippines,M,Age,35-49,01/01/2017,,01/01/2017,,2017
Philippines,M,Age,15-24,01/01/2017,,01/01/2017,,2017
Philippines,M,Age,25-34,01/01/2017,,01/01/2017,,2017
Philippines,M,Age,35-49,01/01/2017,,01/01/2017,,2017
Philippines,M,Age,15-24,01/01/2017,,01/01/2017,,2017
Philippines,M,Age,25-34,01/01/2017,,01/01/2017,,2017
Philippines,M,Age,35-49,01/01/2017,,01/01/2017,,2017
Philippines,M,Education,Higher,01/01/2017,,01/01/2017,,2017
Philippines,M,Education,No education,01/01/2017,,01/01/2017,,2017
Philippines,M,Education,Primary,01/01/2017,,01/01/2017,,2017
Philippines,M,Education,Secondary,01/01/2017,,01/01/2017,,2017
Philippines,M,Education,Higher,01/01/2017,,01/01/2017,,2017
Philippines,M,Education,No education,01/01/2017,,01/01/2017,,2017
Philippines,M,Education,Primary,01/01/2017,,01/01/2017,,2017
Philippines,M,Education,Secondary,01/01/2017,,01/01/2017,,2017
Philippines,M,Education,Higher,01/01/2017,,01/01/2017,,2017
Philippines,M,Education,No education,01/01/2017,,01/01/2017,,2017
Philippines,M,Education,Primary,01/01/2017,,01/01/2017,,2017
Philippines,M,Education,Secondary,01/01/2017,,01/01/2017,,2017
Philippines,M,Education,Higher,01/01/2017,,01/01/2017,,2017
Philippines,M,Education,No education,01/01/2017,,01/01/2017,,2017
Philippines,M,Education,Primary,01/01/2017,,01/01/2017,,2017
Philippines,M,Education,Secondary,01/01/2017,,01/01/2017,,2017
Philippines,M,Education,Higher,01/01/2017,,01/01/2017,,2017
Philippines,M,Education,No education,01/01/2017,,01/01/2017,,2017
Philippines,M,Education,Primary,01/01/2017,,01/01/2017,,2017
Philippines,M,Education,Secondary,01/01/2017,,01/01/2017,,2017
Philippines,M,Education,Higher,01/01/2017,,01/01/2017,,2017
Philippines,M,Education,No education,01/01/2017,,01/01/2017,,2017
Philippines,M,Education,Primary,01/01/2017,,01/01/2017,,2017
Philippines,M,Education,Secondary,01/01/2017,,01/01/2017,,2017
Philippines,M,Employment,Employed for cash,01/01/2017,,01/01/2017,,2017
Philippines,M,Employment,Employed for kind,01/01/2017,,01/01/2017,,2017
Philippines,M,Employment,Unemployed,01/01/2017,,01/01/2017,,2017
Philippines,M,Employment,Employed for cash,01/01/2017,,01/01/2017,,2017
Philippines,M,Employment,Employed for kind,01/01/2017,,01/01/2017,,2017
Philippines,M,Employment,Unemployed,01/01/2017,,01/01/2017,,2017
Philippines,M,Employment,Employed for cash,01/01/2017,,01/01/2017,,2017
Philippines,M,Employment,Employed for kind,01/01/2017,,01/01/2017,,2017
Philippines,M,Employment,Unemployed,01/01/2017,,01/01/2017,,2017
Philippines,M,Employment,Employed for cash,01/01/2017,,01/01/2017,,2017
Philippines,M,Employment,Employed for kind,01/01/2017,,01/01/2017,,2017
Philippines,M,Employment,Unemployed,01/01/2017,,01/01/2017,,2017
Philippines,M,Employment,Employed for cash,01/01/2017,,01/01/2017,,2017
Philippines,M,Employment,Employed for kind,01/01/2017,,01/01/2017,,2017
Philippines,M,Employment,Unemployed,01/01/2017,,01/01/2017,,2017
Philippines,M,Employment,Employed for cash,01/01/2017,,01/01/2017,,2017
Philippines,M,Employment,Employed for kind,01/01/2017,,01/01/2017,,2017
Philippines,M,Employment,Unemployed,01/01/2017,,01/01/2017,,2017
Philippines,M,Marital status,Married or living together,01/01/2017,,01/01/2017,,2017
Philippines,M,Marital status,Never married,01/01/2017,,01/01/2017,,2017
Philippines,M,Marital status,"Widowed, divorced, separated",01/01/2017,,01/01/2017,,2017
Philippines,M,Marital status,Married or living together,01/01/2017,,01/01/2017,,2017
Philippines,M,Marital status,Never married,01/01/2017,,01/01/2017,,2017
Philippines,M,Marital status,"Widowed, divorced, separated",01/01/2017,,01/01/2017,,2017
Philippines,M,Marital status,Married or living together,01/01/2017,,01/01/2017,,2017
Philippines,M,Marital status,Never married,01/01/2017,,01/01/2017,,2017
Philippines,M,Marital status,"Widowed, divorced, separated",01/01/2017,,01/01/2017,,2017
Philippines,M,Marital status,Married or living together,01/01/2017,,01/01/2017,,2017
Philippines,M,Marital status,Never married,01/01/2017,,01/01/2017,,2017
Philippines,M,Marital status,"Widowed, divorced, separated",01/01/2017,,01/01/2017,,2017
Philippines,M,Marital status,Married or living together,01/01/2017,,01/01/2017,,2017
Philippines,M,Marital status,Never married,01/01/2017,,01/01/2017,,2017
Philippines,M,Marital status,"Widowed, divorced, separated",01/01/2017,,01/01/2017,,2017
Philippines,M,Marital status,Married or living together,01/01/2017,,01/01/2017,,2017
Philippines,M,Marital status,Never married,01/01/2017,,01/01/2017,,2017
Philippines,M,Marital status,"Widowed, divorced, separated",01/01/2017,,01/01/2017,,2017
Philippines,M,Residence,Rural,01/01/2017,,01/01/2017,,2017
Philippines,M,Residence,Urban,01/01/2017,,01/01/2017,,2017
Philippines,M,Residence,Rural,01/01/2017,,01/01/2017,,2017
Philippines,M,Residence,Urban,01/01/2017,,01/01/2017,,2017
Philippines,M,Residence,Rural,01/01/2017,,01/01/2017,,2017
Philippines,M,Residence,Urban,01/01/2017,,01/01/2017,,2017
Philippines,M,Residence,Rural,01/01/2017,,01/01/2017,,2017
Philippines,M,Residence,Urban,01/01/2017,,01/01/2017,,2017
Philippines,M,Residence,Rural,01/01/2017,,01/01/2017,,2017
Philippines,M,Residence,Urban,01/01/2017,,01/01/2017,,2017
Philippines,M,Residence,Rural,01/01/2017,,01/01/2017,,2017
Philippines,M,Residence,Urban,01/01/2017,,01/01/2017,,2017
Sao Tome and Principe,F,Education,Higher,01/01/2008,,01/01/2008,,2008
Sao Tome and Principe,F,Education,Higher,01/01/2008,,01/01/2008,,2008
Sao Tome and Principe,F,Education,Higher,01/01/2008,,01/01/2008,,2008
Sao Tome and Principe,F,Education,Higher,01/01/2008,,01/01/2008,,2008
Sao Tome and Principe,F,Education,Higher,01/01/2008,,01/01/2008,,2008
Sao Tome and Principe,F,Education,Higher,01/01/2008,,01/01/2008,,2008
South Africa,M,Employment,Employed for kind,01/01/2016,,01/01/2016,,2016
South Africa,M,Employment,Employed for kind,01/01/2016,,01/01/2016,,2016
South Africa,M,Employment,Employed for kind,01/01/2016,,01/01/2016,,2016
South Africa,M,Employment,Employed for kind,01/01/2016,,01/01/2016,,2016
South Africa,M,Employment,Employed for kind,01/01/2016,,01/01/2016,,2016
South Africa,M,Employment,Employed for kind,01/01/2016,,01/01/2016,,2016
Tajikistan,M,Age,15-24,01/01/2017,,01/01/2017,,2017
Tajikistan,M,Age,25-34,01/01/2017,,01/01/2017,,2017
Tajikistan,M,Age,35-49,01/01/2017,,01/01/2017,,2017
Tajikistan,M,Age,15-24,01/01/2017,,01/01/2017,,2017
Tajikistan,M,Age,25-34,01/01/2017,,01/01/2017,,2017
Tajikistan,M,Age,35-49,01/01/2017,,01/01/2017,,2017
Tajikistan,M,Age,15-24,01/01/2017,,01/01/2017,,2017
Tajikistan,M,Age,25-34,01/01/2017,,01/01/2017,,2017
Tajikistan,M,Age,35-49,01/01/2017,,01/01/2017,,2017
Tajikistan,M,Age,15-24,01/01/2017,,01/01/2017,,2017
Tajikistan,M,Age,25-34,01/01/2017,,01/01/2017,,2017
Tajikistan,M,Age,35-49,01/01/2017,,01/01/2017,,2017
Tajikistan,M,Age,15-24,01/01/2017,,01/01/2017,,2017
Tajikistan,M,Age,25-34,01/01/2017,,01/01/2017,,2017
Tajikistan,M,Age,35-49,01/01/2017,,01/01/2017,,2017
Tajikistan,M,Age,15-24,01/01/2017,,01/01/2017,,2017
Tajikistan,M,Age,25-34,01/01/2017,,01/01/2017,,2017
Tajikistan,M,Age,35-49,01/01/2017,,01/01/2017,,2017
Tajikistan,M,Education,Higher,01/01/2017,,01/01/2017,,2017
Tajikistan,M,Education,No education,01/01/2017,,01/01/2017,,2017
Tajikistan,M,Education,Primary,01/01/2017,,01/01/2017,,2017
Tajikistan,M,Education,Secondary,01/01/2017,,01/01/2017,,2017
Tajikistan,M,Education,Higher,01/01/2017,,01/01/2017,,2017
Tajikistan,M,Education,No education,01/01/2017,,01/01/2017,,2017
Tajikistan,M,Education,Primary,01/01/2017,,01/01/2017,,2017
Tajikistan,M,Education,Secondary,01/01/2017,,01/01/2017,,2017
Tajikistan,M,Education,Higher,01/01/2017,,01/01/2017,,2017
Tajikistan,M,Education,No education,01/01/2017,,01/01/2017,,2017
Tajikistan,M,Education,Primary,01/01/2017,,01/01/2017,,2017
Tajikistan,M,Education,Secondary,01/01/2017,,01/01/2017,,2017
Tajikistan,M,Education,Higher,01/01/2017,,01/01/2017,,2017
Tajikistan,M,Education,No education,01/01/2017,,01/01/2017,,2017
Tajikistan,M,Education,Primary,01/01/2017,,01/01/2017,,2017
Tajikistan,M,Education,Secondary,01/01/2017,,01/01/2017,,2017
Tajikistan,M,Education,Higher,01/01/2017,,01/01/2017,,2017
Tajikistan,M,Education,No education,01/01/2017,,01/01/2017,,2017
Tajikistan,M,Education,Primary,01/01/2017,,01/01/2017,,2017
Tajikistan,M,Education,Secondary,01/01/2017,,01/01/2017,,2017
Tajikistan,M,Education,Higher,01/01/2017,,01/01/2017,,2017
Tajikistan,M,Education,No education,01/01/2017,,01/01/2017,,2017
Tajikistan,M,Education,Primary,01/01/2017,,01/01/2017,,2017
Tajikistan,M,Education,Secondary,01/01/2017,,01/01/2017,,2017
Tajikistan,M,Employment,Employed for cash,01/01/2017,,01/01/2017,,2017
Tajikistan,M,Employment,Employed for kind,01/01/2017,,01/01/2017,,2017
Tajikistan,M,Employment,Unemployed,01/01/2017,,01/01/2017,,2017
Tajikistan,M,Employment,Employed for cash,01/01/2017,,01/01/2017,,2017
Tajikistan,M,Employment,Employed for kind,01/01/2017,,01/01/2017,,2017
Tajikistan,M,Employment,Unemployed,01/01/2017,,01/01/2017,,2017
Tajikistan,M,Employment,Employed for cash,01/01/2017,,01/01/2017,,2017
Tajikistan,M,Employment,Employed for kind,01/01/2017,,01/01/2017,,2017
Tajikistan,M,Employment,Unemployed,01/01/2017,,01/01/2017,,2017
Tajikistan,M,Employment,Employed for cash,01/01/2017,,01/01/2017,,2017
Tajikistan,M,Employment,Employed for kind,01/01/2017,,01/01/2017,,2017
Tajikistan,M,Employment,Unemployed,01/01/2017,,01/01/2017,,2017
Tajikistan,M,Employment,Employed for cash,01/01/2017,,01/01/2017,,2017
Tajikistan,M,Employment,Employed for kind,01/01/2017,,01/01/2017,,2017
Tajikistan,M,Employment,Unemployed,01/01/2017,,01/01/2017,,2017
Tajikistan,M,Employment,Employed for cash,01/01/2017,,01/01/2017,,2017
Tajikistan,M,Employment,Employed for kind,01/01/2017,,01/01/2017,,2017
Tajikistan,M,Employment,Unemployed,01/01/2017,,01/01/2017,,2017
Tajikistan,M,Marital status,Married or living together,01/01/2017,,01/01/2017,,2017
Tajikistan,M,Marital status,Never married,01/01/2017,,01/01/2017,,2017
Tajikistan,M,Marital status,"Widowed, divorced, separated",01/01/2017,,01/01/2017,,2017
Tajikistan,M,Marital status,Married or living together,01/01/2017,,01/01/2017,,2017
Tajikistan,M,Marital status,Never married,01/01/2017,,01/01/2017,,2017
Tajikistan,M,Marital status,"Widowed, divorced, separated",01/01/2017,,01/01/2017,,2017
Tajikistan,M,Marital status,Married or living together,01/01/2017,,01/01/2017,,2017
Tajikistan,M,Marital status,Never married,01/01/2017,,01/01/2017,,2017
Tajikistan,M,Marital status,"Widowed, divorced, separated",01/01/2017,,01/01/2017,,2017
Tajikistan,M,Marital status,Married or living together,01/01/2017,,01/01/2017,,2017
Tajikistan,M,Marital status,Never married,01/01/2017,,01/01/2017,,2017
Tajikistan,M,Marital status,"Widowed, divorced, separated",01/01/2017,,01/01/2017,,2017
Tajikistan,M,Marital status,Married or living together,01/01/2017,,01/01/2017,,2017
Tajikistan,M,Marital status,Never married,01/01/2017,,01/01/2017,,2017
Tajikistan,M,Marital status,"Widowed, divorced, separated",01/01/2017,,01/01/2017,,2017
Tajikistan,M,Marital status,Married or living together,01/01/2017,,01/01/2017,,2017
Tajikistan,M,Marital status,Never married,01/01/2017,,01/01/2017,,2017
Tajikistan,M,Marital status,"Widowed, divorced, separated",01/01/2017,,01/01/2017,,2017
Tajikistan,M,Residence,Rural,01/01/2017,,01/01/2017,,2017
Tajikistan,M,Residence,Urban,01/01/2017,,01/01/2017,,2017
Tajikistan,M,Residence,Rural,01/01/2017,,01/01/2017,,2017
Tajikistan,M,Residence,Urban,01/01/2017,,01/01/2017,,2017
Tajikistan,M,Residence,Rural,01/01/2017,,01/01/2017,,2017
Tajikistan,M,Residence,Urban,01/01/2017,,01/01/2017,,2017
Tajikistan,M,Residence,Rural,01/01/2017,,01/01/2017,,2017
Tajikistan,M,Residence,Urban,01/01/2017,,01/01/2017,,2017
Tajikistan,M,Residence,Rural,01/01/2017,,01/01/2017,,2017
Tajikistan,M,Residence,Urban,01/01/2017,,01/01/2017,,2017
Tajikistan,M,Residence,Rural,01/01/2017,,01/01/2017,,2017
Tajikistan,M,Residence,Urban,01/01/2017,,01/01/2017,,2017
Turkey,F,Employment,Employed for cash,01/01/2013,,01/01/2013,,2013
Turkey,F,Employment,Employed for kind,01/01/2013,,01/01/2013,,2013
Turkey,F,Employment,Employed for cash,01/01/2013,,01/01/2013,,2013
Turkey,F,Employment,Employed for kind,01/01/2013,,01/01/2013,,2013
Turkey,F,Employment,Employed for cash,01/01/2013,,01/01/2013,,2013
Turkey,F,Employment,Employed for kind,01/01/2013,,01/01/2013,,2013
Turkey,F,Employment,Employed for cash,01/01/2013,,01/01/2013,,2013
Turkey,F,Employment,Employed for kind,01/01/2013,,01/01/2013,,2013
Turkey,F,Employment,Employed for cash,01/01/2013,,01/01/2013,,2013
Turkey,F,Employment,Employed for kind,01/01/2013,,01/01/2013,,2013
Turkey,F,Employment,Employed for cash,01/01/2013,,01/01/2013,,2013
Turkey,F,Employment,Employed for kind,01/01/2013,,01/01/2013,,2013
Turkey,M,Age,15-24,01/01/2013,,01/01/2013,,2013
Turkey,M,Age,25-34,01/01/2013,,01/01/2013,,2013
Turkey,M,Age,35-49,01/01/2013,,01/01/2013,,2013
Turkey,M,Age,15-24,01/01/2013,,01/01/2013,,2013
Turkey,M,Age,25-34,01/01/2013,,01/01/2013,,2013
Turkey,M,Age,35-49,01/01/2013,,01/01/2013,,2013
Turkey,M,Age,15-24,01/01/2013,,01/01/2013,,2013
Turkey,M,Age,25-34,01/01/2013,,01/01/2013,,2013
Turkey,M,Age,35-49,01/01/2013,,01/01/2013,,2013
Turkey,M,Age,15-24,01/01/2013,,01/01/2013,,2013
Turkey,M,Age,25-34,01/01/2013,,01/01/2013,,2013
Turkey,M,Age,35-49,01/01/2013,,01/01/2013,,2013
Turkey,M,Age,15-24,01/01/2013,,01/01/2013,,2013
Turkey,M,Age,25-34,01/01/2013,,01/01/2013,,2013
Turkey,M,Age,35-49,01/01/2013,,01/01/2013,,2013
Turkey,M,Age,15-24,01/01/2013,,01/01/2013,,2013
Turkey,M,Age,25-34,01/01/2013,,01/01/2013,,2013
Turkey,M,Age,35-49,01/01/2013,,01/01/2013,,2013
Turkey,M,Education,Higher,01/01/2013,,01/01/2013,,2013
Turkey,M,Education,No education,01/01/2013,,01/01/2013,,2013
Turkey,M,Education,Primary,01/01/2013,,01/01/2013,,2013
Turkey,M,Education,Secondary,01/01/2013,,01/01/2013,,2013
Turkey,M,Education,Higher,01/01/2013,,01/01/2013,,2013
Turkey,M,Education,No education,01/01/2013,,01/01/2013,,2013
Turkey,M,Education,Primary,01/01/2013,,01/01/2013,,2013
Turkey,M,Education,Secondary,01/01/2013,,01/01/2013,,2013
Turkey,M,Education,Higher,01/01/2013,,01/01/2013,,2013
Turkey,M,Education,No education,01/01/2013,,01/01/2013,,2013
Turkey,M,Education,Primary,01/01/2013,,01/01/2013,,2013
Turkey,M,Education,Secondary,01/01/2013,,01/01/2013,,2013
Turkey,M,Education,Higher,01/01/2013,,01/01/2013,,2013
Turkey,M,Education,No education,01/01/2013,,01/01/2013,,2013
Turkey,M,Education,Primary,01/01/2013,,01/01/2013,,2013
Turkey,M,Education,Secondary,01/01/2013,,01/01/2013,,2013
Turkey,M,Education,Higher,01/01/2013,,01/01/2013,,2013
Turkey,M,Education,No education,01/01/2013,,01/01/2013,,2013
Turkey,M,Education,Primary,01/01/2013,,01/01/2013,,2013
Turkey,M,Education,Secondary,01/01/2013,,01/01/2013,,2013
Turkey,M,Education,Higher,01/01/2013,,01/01/2013,,2013
Turkey,M,Education,No education,01/01/2013,,01/01/2013,,2013
Turkey,M,Education,Primary,01/01/2013,,01/01/2013,,2013
Turkey,M,Education,Secondary,01/01/2013,,01/01/2013,,2013
Turkey,M,Employment,Employed for cash,01/01/2013,,01/01/2013,,2013
Turkey,M,Employment,Employed for kind,01/01/2013,,01/01/2013,,2013
Turkey,M,Employment,Unemployed,01/01/2013,,01/01/2013,,2013
Turkey,M,Employment,Employed for cash,01/01/2013,,01/01/2013,,2013
Turkey,M,Employment,Employed for kind,01/01/2013,,01/01/2013,,2013
Turkey,M,Employment,Unemployed,01/01/2013,,01/01/2013,,2013
Turkey,M,Employment,Employed for cash,01/01/2013,,01/01/2013,,2013
Turkey,M,Employment,Employed for kind,01/01/2013,,01/01/2013,,2013
Turkey,M,Employment,Unemployed,01/01/2013,,01/01/2013,,2013
Turkey,M,Employment,Employed for cash,01/01/2013,,01/01/2013,,2013
Turkey,M,Employment,Employed for kind,01/01/2013,,01/01/2013,,2013
Turkey,M,Employment,Unemployed,01/01/2013,,01/01/2013,,2013
Turkey,M,Employment,Employed for cash,01/01/2013,,01/01/2013,,2013
Turkey,M,Employment,Employed for kind,01/01/2013,,01/01/2013,,2013
Turkey,M,Employment,Unemployed,01/01/2013,,01/01/2013,,2013
Turkey,M,Employment,Employed for cash,01/01/2013,,01/01/2013,,2013
Turkey,M,Employment,Employed for kind,01/01/2013,,01/01/2013,,2013
Turkey,M,Employment,Unemployed,01/01/2013,,01/01/2013,,2013
Turkey,M,Marital status,Married or living together,01/01/2013,,01/01/2013,,2013
Turkey,M,Marital status,Never married,01/01/2013,,01/01/2013,,2013
Turkey,M,Marital status,"Widowed, divorced, separated",01/01/2013,,01/01/2013,,2013
Turkey,M,Marital status,Married or living together,01/01/2013,,01/01/2013,,2013
Turkey,M,Marital status,Never married,01/01/2013,,01/01/2013,,2013
Turkey,M,Marital status,"Widowed, divorced, separated",01/01/2013,,01/01/2013,,2013
Turkey,M,Marital status,Married or living together,01/01/2013,,01/01/2013,,2013
Turkey,M,Marital status,Never married,01/01/2013,,01/01/2013,,2013
Turkey,M,Marital status,"Widowed, divorced, separated",01/01/2013,,01/01/2013,,2013
Turkey,M,Marital status,Married or living together,01/01/2013,,01/01/2013,,2013
Turkey,M,Marital status,Never married,01/01/2013,,01/01/2013,,2013
Turkey,M,Marital status,"Widowed, divorced, separated",01/01/2013,,01/01/2013,,2013
Turkey,M,Marital status,Married or living together,01/01/2013,,01/01/2013,,2013
Turkey,M,Marital status,Never married,01/01/2013,,01/01/2013,,2013
Turkey,M,Marital status,"Widowed, divorced, separated",01/01/2013,,01/01/2013,,2013
Turkey,M,Marital status,Married or living together,01/01/2013,,01/01/2013,,2013
Turkey,M,Marital status,Never married,01/01/2013,,01/01/2013,,2013
Turkey,M,Marital status,"Widowed, divorced, separated",01/01/2013,,01/01/2013,,2013
Turkey,M,Residence,Rural,01/01/2013,,01/01/2013,,2013
Turkey,M,Residence,Urban,01/01/2013,,01/01/2013,,2013
Turkey,M,Residence,Rural,01/01/2013,,01/01/2013,,2013
Turkey,M,Residence,Urban,01/01/2013,,01/01/2013,,2013
Turkey,M,Residence,Rural,01/01/2013,,01/01/2013,,2013
Turkey,M,Residence,Urban,01/01/2013,,01/01/2013,,2013
Turkey,M,Residence,Rural,01/01/2013,,01/01/2013,,2013
Turkey,M,Residence,Urban,01/01/2013,,01/01/2013,,2013
Turkey,M,Residence,Rural,01/01/2013,,01/01/2013,,2013
Turkey,M,Residence,Urban,01/01/2013,,01/01/2013,,2013
Turkey,M,Residence,Rural,01/01/2013,,01/01/2013,,2013
Turkey,M,Residence,Urban,01/01/2013,,01/01/2013,,2013
Turkmenistan,M,Age,15-24,01/01/2000,,01/01/2000,,2000
Turkmenistan,M,Age,25-34,01/01/2000,,01/01/2000,,2000
Turkmenistan,M,Age,35-49,01/01/2000,,01/01/2000,,2000
Turkmenistan,M,Age,15-24,01/01/2000,,01/01/2000,,2000
Turkmenistan,M,Age,25-34,01/01/2000,,01/01/2000,,2000
Turkmenistan,M,Age,35-49,01/01/2000,,01/01/2000,,2000
Turkmenistan,M,Age,15-24,01/01/2000,,01/01/2000,,2000
Turkmenistan,M,Age,25-34,01/01/2000,,01/01/2000,,2000
Turkmenistan,M,Age,35-49,01/01/2000,,01/01/2000,,2000
Turkmenistan,M,Age,15-24,01/01/2000,,01/01/2000,,2000
Turkmenistan,M,Age,25-34,01/01/2000,,01/01/2000,,2000
Turkmenistan,M,Age,35-49,01/01/2000,,01/01/2000,,2000
Turkmenistan,M,Age,15-24,01/01/2000,,01/01/2000,,2000
Turkmenistan,M,Age,25-34,01/01/2000,,01/01/2000,,2000
Turkmenistan,M,Age,35-49,01/01/2000,,01/01/2000,,2000
Turkmenistan,M,Age,15-24,01/01/2000,,01/01/2000,,2000
Turkmenistan,M,Age,25-34,01/01/2000,,01/01/2000,,2000
Turkmenistan,M,Age,35-49,01/01/2000,,01/01/2000,,2000
Turkmenistan,M,Education,Higher,01/01/2000,,01/01/2000,,2000
Turkmenistan,M,Education,No education,01/01/2000,,01/01/2000,,2000
Turkmenistan,M,Education,Primary,01/01/2000,,01/01/2000,,2000
Turkmenistan,M,Education,Secondary,01/01/2000,,01/01/2000,,2000
Turkmenistan,M,Education,Higher,01/01/2000,,01/01/2000,,2000
Turkmenistan,M,Education,No education,01/01/2000,,01/01/2000,,2000
Turkmenistan,M,Education,Primary,01/01/2000,,01/01/2000,,2000
Turkmenistan,M,Education,Secondary,01/01/2000,,01/01/2000,,2000
Turkmenistan,M,Education,Higher,01/01/2000,,01/01/2000,,2000
Turkmenistan,M,Education,No education,01/01/2000,,01/01/2000,,2000
Turkmenistan,M,Education,Primary,01/01/2000,,01/01/2000,,2000
Turkmenistan,M,Education,Secondary,01/01/2000,,01/01/2000,,2000
Turkmenistan,M,Education,Higher,01/01/2000,,01/01/2000,,2000
Turkmenistan,M,Education,No education,01/01/2000,,01/01/2000,,2000
Turkmenistan,M,Education,Primary,01/01/2000,,01/01/2000,,2000
Turkmenistan,M,Education,Secondary,01/01/2000,,01/01/2000,,2000
Turkmenistan,M,Education,Higher,01/01/2000,,01/01/2000,,2000
Turkmenistan,M,Education,No education,01/01/2000,,01/01/2000,,2000
Turkmenistan,M,Education,Primary,01/01/2000,,01/01/2000,,2000
Turkmenistan,M,Education,Secondary,01/01/2000,,01/01/2000,,2000
Turkmenistan,M,Education,Higher,01/01/2000,,01/01/2000,,2000
Turkmenistan,M,Education,No education,01/01/2000,,01/01/2000,,2000
Turkmenistan,M,Education,Primary,01/01/2000,,01/01/2000,,2000
Turkmenistan,M,Education,Secondary,01/01/2000,,01/01/2000,,2000
Turkmenistan,M,Employment,Employed for cash,01/01/2000,,01/01/2000,,2000
Turkmenistan,M,Employment,Employed for kind,01/01/2000,,01/01/2000,,2000
Turkmenistan,M,Employment,Unemployed,01/01/2000,,01/01/2000,,2000
Turkmenistan,M,Employment,Employed for cash,01/01/2000,,01/01/2000,,2000
Turkmenistan,M,Employment,Employed for kind,01/01/2000,,01/01/2000,,2000
Turkmenistan,M,Employment,Unemployed,01/01/2000,,01/01/2000,,2000
Turkmenistan,M,Employment,Employed for cash,01/01/2000,,01/01/2000,,2000
Turkmenistan,M,Employment,Employed for kind,01/01/2000,,01/01/2000,,2000
Turkmenistan,M,Employment,Unemployed,01/01/2000,,01/01/2000,,2000
Turkmenistan,M,Employment,Employed for cash,01/01/2000,,01/01/2000,,2000
Turkmenistan,M,Employment,Employed for kind,01/01/2000,,01/01/2000,,2000
Turkmenistan,M,Employment,Unemployed,01/01/2000,,01/01/2000,,2000
Turkmenistan,M,Employment,Employed for cash,01/01/2000,,01/01/2000,,2000
Turkmenistan,M,Employment,Employed for kind,01/01/2000,,01/01/2000,,2000
Turkmenistan,M,Employment,Unemployed,01/01/2000,,01/01/2000,,2000
Turkmenistan,M,Employment,Employed for cash,01/01/2000,,01/01/2000,,2000
Turkmenistan,M,Employment,Employed for kind,01/01/2000,,01/01/2000,,2000
Turkmenistan,M,Employment,Unemployed,01/01/2000,,01/01/2000,,2000
Turkmenistan,M,Marital status,Married or living together,01/01/2000,,01/01/2000,,2000
Turkmenistan,M,Marital status,Never married,01/01/2000,,01/01/2000,,2000
Turkmenistan,M,Marital status,"Widowed, divorced, separated",01/01/2000,,01/01/2000,,2000
Turkmenistan,M,Marital status,Married or living together,01/01/2000,,01/01/2000,,2000
Turkmenistan,M,Marital status,Never married,01/01/2000,,01/01/2000,,2000
Turkmenistan,M,Marital status,"Widowed, divorced, separated",01/01/2000,,01/01/2000,,2000
Turkmenistan,M,Marital status,Married or living together,01/01/2000,,01/01/2000,,2000
Turkmenistan,M,Marital status,Never married,01/01/2000,,01/01/2000,,2000
Turkmenistan,M,Marital status,"Widowed, divorced, separated",01/01/2000,,01/01/2000,,2000
Turkmenistan,M,Marital status,Married or living together,01/01/2000,,01/01/2000,,2000
Turkmenistan,M,Marital status,Never married,01/01/2000,,01/01/2000,,2000
Turkmenistan,M,Marital status,"Widowed, divorced, separated",01/01/2000,,01/01/2000,,2000
Turkmenistan,M,Marital status,Married or living together,01/01/2000,,01/01/2000,,2000
Turkmenistan,M,Marital status,Never married,01/01/2000,,01/01/2000,,2000
Turkmenistan,M,Marital status,"Widowed, divorced, separated",01/01/2000,,01/01/2000,,2000
Turkmenistan,M,Marital status,Married or living together,01/01/2000,,01/01/2000,,2000
Turkmenistan,M,Marital status,Never married,01/01/2000,,01/01/2000,,2000
Turkmenistan,M,Marital status,"Widowed, divorced, separated",01/01/2000,,01/01/2000,,2000
Turkmenistan,M,Residence,Rural,01/01/2000,,01/01/2000,,2000
Turkmenistan,M,Residence,Urban,01/01/2000,,01/01/2000,,2000
Turkmenistan,M,Residence,Rural,01/01/2000,,01/01/2000,,2000
Turkmenistan,M,Residence,Urban,01/01/2000,,01/01/2000,,2000
Turkmenistan,M,Residence,Rural,01/01/2000,,01/01/2000,,2000
Turkmenistan,M,Residence,Urban,01/01/2000,,01/01/2000,,2000
Turkmenistan,M,Residence,Rural,01/01/2000,,01/01/2000,,2000
Turkmenistan,M,Residence,Urban,01/01/2000,,01/01/2000,,2000
Turkmenistan,M,Residence,Rural,01/01/2000,,01/01/2000,,2000
Turkmenistan,M,Residence,Urban,01/01/2000,,01/01/2000,,2000
Turkmenistan,M,Residence,Rural,01/01/2000,,01/01/2000,,2000
Turkmenistan,M,Residence,Urban,01/01/2000,,01/01/2000,,2000
Ukraine,F,Education,No education,01/01/2007,,01/01/2007,,2007
Ukraine,F,Education,Primary,01/01/2007,,01/01/2007,,2007
Ukraine,F,Education,No education,01/01/2007,,01/01/2007,,2007
Ukraine,F,Education,Primary,01/01/2007,,01/01/2007,,2007
Ukraine,F,Education,No education,01/01/2007,,01/01/2007,,2007
Ukraine,F,Education,Primary,01/01/2007,,01/01/2007,,2007
Ukraine,F,Education,No education,01/01/2007,,01/01/2007,,2007
Ukraine,F,Education,Primary,01/01/2007,,01/01/2007,,2007
Ukraine,F,Education,No education,01/01/2007,,01/01/2007,,2007
Ukraine,F,Education,Primary,01/01/2007,,01/01/2007,,2007
Ukraine,F,Education,No education,01/01/2007,,01/01/2007,,2007
Ukraine,F,Education,Primary,01/01/2007,,01/01/2007,,2007
Ukraine,M,Education,No education,01/01/2007,,01/01/2007,,2007
Ukraine,M,Education,Primary,01/01/2007,,01/01/2007,,2007
Ukraine,M,Education,No education,01/01/2007,,01/01/2007,,2007
Ukraine,M,Education,Primary,01/01/2007,,01/01/2007,,2007
Ukraine,M,Education,No education,01/01/2007,,01/01/2007,,2007
Ukraine,M,Education,Primary,01/01/2007,,01/01/2007,,2007
Ukraine,M,Education,No education,01/01/2007,,01/01/2007,,2007
Ukraine,M,Education,Primary,01/01/2007,,01/01/2007,,2007
Ukraine,M,Education,No education,01/01/2007,,01/01/2007,,2007
Ukraine,M,Education,Primary,01/01/2007,,01/01/2007,,2007
Ukraine,M,Education,No education,01/01/2007,,01/01/2007,,2007
Ukraine,M,Education,Primary,01/01/2007,,01/01/2007,,2007
Yemen,M,Age,15-24,01/01/2013,,01/01/2013,,2013
Yemen,M,Age,25-34,01/01/2013,,01/01/2013,,2013
Yemen,M,Age,35-49,01/01/2013,,01/01/2013,,2013
Yemen,M,Age,15-24,01/01/2013,,01/01/2013,,2013
Yemen,M,Age,25-34,01/01/2013,,01/01/2013,,2013
Yemen,M,Age,35-49,01/01/2013,,01/01/2013,,2013
Yemen,M,Age,15-24,01/01/2013,,01/01/2013,,2013
Yemen,M,Age,25-34,01/01/2013,,01/01/2013,,2013
Yemen,M,Age,35-49,01/01/2013,,01/01/2013,,2013
Yemen,M,Age,15-24,01/01/2013,,01/01/2013,,2013
Yemen,M,Age,25-34,01/01/2013,,01/01/2013,,2013
Yemen,M,Age,35-49,01/01/2013,,01/01/2013,,2013
Yemen,M,Age,15-24,01/01/2013,,01/01/2013,,2013
Yemen,M,Age,25-34,01/01/2013,,01/01/2013,,2013
Yemen,M,Age,35-49,01/01/2013,,01/01/2013,,2013
Yemen,M,Age,15-24,01/01/2013,,01/01/2013,,2013
Yemen,M,Age,25-34,01/01/2013,,01/01/2013,,2013
Yemen,M,Age,35-49,01/01/2013,,01/01/2013,,2013
Yemen,M,Education,Higher,01/01/2013,,01/01/2013,,2013
Yemen,M,Education,No education,01/01/2013,,01/01/2013,,2013
Yemen,M,Education,Primary,01/01/2013,,01/01/2013,,2013
Yemen,M,Education,Secondary,01/01/2013,,01/01/2013,,2013
Yemen,M,Education,Higher,01/01/2013,,01/01/2013,,2013
Yemen,M,Education,No education,01/01/2013,,01/01/2013,,2013
Yemen,M,Education,Primary,01/01/2013,,01/01/2013,,2013
Yemen,M,Education,Secondary,01/01/2013,,01/01/2013,,2013
Yemen,M,Education,Higher,01/01/2013,,01/01/2013,,2013
Yemen,M,Education,No education,01/01/2013,,01/01/2013,,2013
Yemen,M,Education,Primary,01/01/2013,,01/01/2013,,2013
Yemen,M,Education,Secondary,01/01/2013,,01/01/2013,,2013
Yemen,M,Education,Higher,01/01/2013,,01/01/2013,,2013
Yemen,M,Education,No education,01/01/2013,,01/01/2013,,2013
Yemen,M,Education,Primary,01/01/2013,,01/01/2013,,2013
Yemen,M,Education,Secondary,01/01/2013,,01/01/2013,,2013
Yemen,M,Education,Higher,01/01/2013,,01/01/2013,,2013
Yemen,M,Education,No education,01/01/2013,,01/01/2013,,2013
Yemen,M,Education,Primary,01/01/2013,,01/01/2013,,2013
Yemen,M,Education,Secondary,01/01/2013,,01/01/2013,,2013
Yemen,M,Education,Higher,01/01/2013,,01/01/2013,,2013
Yemen,M,Education,No education,01/01/2013,,01/01/2013,,2013
Yemen,M,Education,Primary,01/01/2013,,01/01/2013,,2013
Yemen,M,Education,Secondary,01/01/2013,,01/01/2013,,2013
Yemen,M,Employment,Employed for cash,01/01/2013,,01/01/2013,,2013
Yemen,M,Employment,Employed for kind,01/01/2013,,01/01/2013,,2013
Yemen,M,Employment,Unemployed,01/01/2013,,01/01/2013,,2013
Yemen,M,Employment,Employed for cash,01/01/2013,,01/01/2013,,2013
Yemen,M,Employment,Employed for kind,01/01/2013,,01/01/2013,,2013
Yemen,M,Employment,Unemployed,01/01/2013,,01/01/2013,,2013
Yemen,M,Employment,Employed for cash,01/01/2013,,01/01/2013,,2013
Yemen,M,Employment,Employed for kind,01/01/2013,,01/01/2013,,2013
Yemen,M,Employment,Unemployed,01/01/2013,,01/01/2013,,2013
Yemen,M,Employment,Employed for cash,01/01/2013,,01/01/2013,,2013
Yemen,M,Employment,Employed for kind,01/01/2013,,01/01/2013,,2013
Yemen,M,Employment,Unemployed,01/01/2013,,01/01/2013,,2013
Yemen,M,Employment,Employed for cash,01/01/2013,,01/01/2013,,2013
Yemen,M,Employment,Employed for kind,01/01/2013,,01/01/2013,,2013
Yemen,M,Employment,Unemployed,01/01/2013,,01/01/2013,,2013
Yemen,M,Employment,Employed for cash,01/01/2013,,01/01/2013,,2013
Yemen,M,Employment,Employed for kind,01/01/2013,,01/01/2013,,2013
Yemen,M,Employment,Unemployed,01/01/2013,,01/01/2013,,2013
Yemen,M,Marital status,Married or living together,01/01/2013,,01/01/2013,,2013
Yemen,M,Marital status,Never married,01/01/2013,,01/01/2013,,2013
Yemen,M,Marital status,"Widowed, divorced, separated",01/01/2013,,01/01/2013,,2013
Yemen,M,Marital status,Married or living together,01/01/2013,,01/01/2013,,2013
Yemen,M,Marital status,Never married,01/01/2013,,01/01/2013,,2013
Yemen,M,Marital status,"Widowed, divorced, separated",01/01/2013,,01/01/2013,,2013
Yemen,M,Marital status,Married or living together,01/01/2013,,01/01/2013,,2013
Yemen,M,Marital status,Never married,01/01/2013,,01/01/2013,,2013
Yemen,M,Marital status,"Widowed, divorced, separated",01/01/2013,,01/01/2013,,2013
Yemen,M,Marital status,Married or living together,01/01/2013,,01/01/2013,,2013
Yemen,M,Marital status,Never married,01/01/2013,,01/01/2013,,2013
Yemen,M,Marital status,"Widowed, divorced, separated",01/01/2013,,01/01/2013,,2013
Yemen,M,Marital status,Married or living together,01/01/2013,,01/01/2013,,2013
Yemen,M,Marital status,Never married,01/01/2013,,01/01/2013,,2013
Yemen,M,Marital status,"Widowed, divorced, separated",01/01/2013,,01/01/2013,,2013
Yemen,M,Marital status,Married or living together,01/01/2013,,01/01/2013,,2013
Yemen,M,Marital status,Never married,01/01/2013,,01/01/2013,,2013
Yemen,M,Marital status,"Widowed, divorced, separated",01/01/2013,,01/01/2013,,2013
Yemen,M,Residence,Rural,01/01/2013,,01/01/2013,,2013
Yemen,M,Residence,Urban,01/01/2013,,01/01/2013,,2013
Yemen,M,Residence,Rural,01/01/2013,,01/01/2013,,2013
Yemen,M,Residence,Urban,01/01/2013,,01/01/2013,,2013
Yemen,M,Residence,Rural,01/01/2013,,01/01/2013,,2013
Yemen,M,Residence,Urban,01/01/2013,,01/01/2013,,2013
Yemen,M,Residence,Rural,01/01/2013,,01/01/2013,,2013
Yemen,M,Residence,Urban,01/01/2013,,01/01/2013,,2013
Yemen,M,Residence,Rural,01/01/2013,,01/01/2013,,2013
Yemen,M,Residence,Urban,01/01/2013,,01/01/2013,,2013
Yemen,M,Residence,Rural,01/01/2013,,01/01/2013,,2013
Yemen,M,Residence,Urban,01/01/2013,,01/01/2013,,2013
